source	scope	runtime	routes	active_properties	selector	visual_declarations
src/styles.css:180		matched_in_runtime	/me,/me/workouts,/me/progress,/me/achievements,/me/goal,/me/finance,/me/profile,/me/settings,/me/trainers,/me/edit,/join,/chat,/chat/10000000-0000-4000-8000-000000000004,/assistant,/workouts/new,/workouts/10000000-0000-4000-8000-000000000003/edit,/workouts/10000000-0000-4000-8000-000000000003,/workouts/10000000-0000-4000-8000-000000000003/live,/workouts/10000000-0000-4000-8000-000000000003/history/fedb-barbell-squat		.phone-frame.theme-light, .theme-light	color-scheme:light; background:var(--bg); color:var(--fg)
src/styles.css:296		affects_computed_style	/me,/me/workouts,/me/progress,/me/achievements,/me/goal,/me/finance,/me/profile,/me/settings,/me/trainers,/me/edit,/join,/chat,/chat/10000000-0000-4000-8000-000000000004,/assistant,/workouts/new,/workouts/10000000-0000-4000-8000-000000000003/edit,/workouts/10000000-0000-4000-8000-000000000003,/workouts/10000000-0000-4000-8000-000000000003/live,/workouts/10000000-0000-4000-8000-000000000003/history/fedb-barbell-squat	font-size,font-weight	button, input, textarea, select	font:inherit
src/styles.css:300		affects_computed_style	/me,/me/workouts,/me/progress,/me/achievements,/me/goal,/me/finance,/me/profile,/me/settings,/me/trainers,/me/edit,/join,/chat,/chat/10000000-0000-4000-8000-000000000004,/assistant,/workouts/new,/workouts/10000000-0000-4000-8000-000000000003/edit,/workouts/10000000-0000-4000-8000-000000000003,/workouts/10000000-0000-4000-8000-000000000003/live,/workouts/10000000-0000-4000-8000-000000000003/history/fedb-barbell-squat	padding-top,padding-bottom,text-decoration-line	button, .button	border:1px solid var(--border); border-radius:var(--radius-md); background:var(--secondary-bg); color:var(--secondary-fg); padding:11px 16px; text-decoration:none; font-weight:var(--weight-semibold); line-height:1.2; box-shadow:none
src/styles.css:302		matched_in_runtime	/me/trainers,/me/edit,/join,/workouts/new,/workouts/10000000-0000-4000-8000-000000000003/edit,/workouts/10000000-0000-4000-8000-000000000003,/workouts/10000000-0000-4000-8000-000000000003/live		button.primary, .button.primary	border-color:var(--accent-border); background:var(--primary-fill); color:var(--on-accent); box-shadow:none
src/styles.css:305		matched_in_runtime	/me,/me/workouts,/me/progress,/me/achievements,/me/goal,/me/finance,/me/profile,/me/settings,/me/trainers,/me/edit,/join,/assistant,/workouts/10000000-0000-4000-8000-000000000003,/workouts/10000000-0000-4000-8000-000000000003/history/fedb-barbell-squat		a	color:var(--accent-weak)
src/styles.css:306		matched_in_runtime	/me,/me/workouts,/me/progress,/me/achievements,/me/goal,/me/finance,/me/profile,/me/settings,/me/trainers,/me/edit,/join,/chat,/chat/10000000-0000-4000-8000-000000000004,/assistant,/workouts/new,/workouts/10000000-0000-4000-8000-000000000003/edit,/workouts/10000000-0000-4000-8000-000000000003,/workouts/10000000-0000-4000-8000-000000000003/live,/workouts/10000000-0000-4000-8000-000000000003/history/fedb-barbell-squat		h1, h2, h3, strong	color:var(--fg-strong)
src/styles.css:307		affects_computed_style	/me,/me/workouts,/me/progress,/me/achievements,/me/goal,/me/finance,/me/profile,/me/settings,/me/trainers,/me/edit,/join,/chat,/chat/10000000-0000-4000-8000-000000000004,/assistant,/workouts/new,/workouts/10000000-0000-4000-8000-000000000003/edit,/workouts/10000000-0000-4000-8000-000000000003,/workouts/10000000-0000-4000-8000-000000000003/live,/workouts/10000000-0000-4000-8000-000000000003/history/fedb-barbell-squat	font-size	h1, .type-display	font-size:var(--type-display-size); font-weight:var(--weight-bold); line-height:var(--leading-tight); letter-spacing:var(--tracking-tight)
src/styles.css:308		matched_in_runtime	/me,/me/workouts,/me/progress,/me/achievements,/me/goal,/me/finance,/me/profile,/me/settings,/me/trainers,/me/edit,/join,/chat,/chat/10000000-0000-4000-8000-000000000004,/assistant,/workouts/new,/workouts/10000000-0000-4000-8000-000000000003/edit,/workouts/10000000-0000-4000-8000-000000000003,/workouts/10000000-0000-4000-8000-000000000003/live,/workouts/10000000-0000-4000-8000-000000000003/history/fedb-barbell-squat		h1	margin:0
src/styles.css:309		matched_in_runtime	/me,/me/workouts,/me/progress,/me/achievements,/me/goal,/me/finance,/me/profile,/me/settings,/me/trainers,/me/edit,/join,/chat,/chat/10000000-0000-4000-8000-000000000004,/workouts/new,/workouts/10000000-0000-4000-8000-000000000003/edit,/workouts/10000000-0000-4000-8000-000000000003,/workouts/10000000-0000-4000-8000-000000000003/live,/workouts/10000000-0000-4000-8000-000000000003/history/fedb-barbell-squat		.page-header h1	overflow-wrap:break-word; font-size:var(--type-display-fluid)
src/styles.css:311		matched_in_runtime	/me,/me/workouts,/me/progress,/me/achievements,/me/goal,/me/finance,/me/profile,/me/settings,/me/trainers,/me/edit,/join,/assistant,/workouts/new,/workouts/10000000-0000-4000-8000-000000000003/edit,/workouts/10000000-0000-4000-8000-000000000003,/workouts/10000000-0000-4000-8000-000000000003/live,/workouts/10000000-0000-4000-8000-000000000003/history/fedb-barbell-squat		h2, .type-section	font-size:var(--type-section-size); font-weight:var(--weight-semibold); line-height:1.25; letter-spacing:-.015em
src/styles.css:312		matched_in_runtime	/me,/me/workouts,/me/progress,/me/achievements,/me/goal,/me/finance,/me/profile,/me/settings,/me/trainers,/me/edit,/join,/assistant,/workouts/new,/workouts/10000000-0000-4000-8000-000000000003/edit,/workouts/10000000-0000-4000-8000-000000000003,/workouts/10000000-0000-4000-8000-000000000003/live,/workouts/10000000-0000-4000-8000-000000000003/history/fedb-barbell-squat		h2	margin:24px 0 12px
src/styles.css:313		affects_computed_style	/me/progress	font-size	h3, .type-body-strong	font-size:var(--type-body-size); font-weight:var(--weight-semibold); line-height:var(--leading-snug)
src/styles.css:317		matched_in_runtime	/me,/me/workouts,/me/progress,/me/achievements,/me/goal,/me/finance,/me/profile,/me/settings,/me/trainers,/me/edit,/join,/chat/10000000-0000-4000-8000-000000000004,/assistant,/workouts/new,/workouts/10000000-0000-4000-8000-000000000003/edit,/workouts/10000000-0000-4000-8000-000000000003,/workouts/10000000-0000-4000-8000-000000000003/live,/workouts/10000000-0000-4000-8000-000000000003/history/fedb-barbell-squat		p	margin:6px 0
src/styles.css:318		affects_computed_style	/me,/me/workouts,/me/progress,/me/achievements,/me/goal,/me/finance,/me/profile,/me/settings,/me/trainers,/me/edit,/join,/chat,/chat/10000000-0000-4000-8000-000000000004,/assistant,/workouts/new,/workouts/10000000-0000-4000-8000-000000000003/edit,/workouts/10000000-0000-4000-8000-000000000003,/workouts/10000000-0000-4000-8000-000000000003/live,/workouts/10000000-0000-4000-8000-000000000003/history/fedb-barbell-squat	border-top-left-radius,border-top-right-radius	.phone-frame	width:min(calc(100% - 32px), 440px); height:calc(100dvh - 32px); min-height:0; margin:16px auto; overflow:hidden; background:var(--frame-bg); display:flex; border:1px solid var(--frame-border); border-radius:26px; box-shadow:none
src/styles.css:319		affects_computed_style	/me,/me/workouts,/me/progress,/me/achievements,/me/goal,/me/finance,/me/profile,/me/settings,/me/trainers,/me/edit,/join,/chat,/chat/10000000-0000-4000-8000-000000000004,/assistant,/workouts/new,/workouts/10000000-0000-4000-8000-000000000003/edit,/workouts/10000000-0000-4000-8000-000000000003,/workouts/10000000-0000-4000-8000-000000000003/live,/workouts/10000000-0000-4000-8000-000000000003/history/fedb-barbell-squat	min-height	.content	min-height:0; margin-top:env(safe-area-inset-top); overflow-y:auto; overflow-x:hidden; padding-bottom:94px
src/styles.css:322		affects_computed_style	/me,/me/workouts,/me/progress,/me/achievements,/me/goal,/me/finance,/me/profile,/me/settings,/me/trainers,/me/edit,/join,/chat,/chat/10000000-0000-4000-8000-000000000004,/workouts/new,/workouts/10000000-0000-4000-8000-000000000003/edit,/workouts/10000000-0000-4000-8000-000000000003,/workouts/10000000-0000-4000-8000-000000000003/live,/workouts/10000000-0000-4000-8000-000000000003/history/fedb-barbell-squat	padding-top	.page	padding:12px 18px 24px
src/styles.css:323		affects_computed_style	/me,/me/workouts,/me/progress,/me/achievements,/me/goal,/me/finance,/me/profile,/me/settings,/me/trainers,/me/edit,/join,/chat,/chat/10000000-0000-4000-8000-000000000004,/workouts/new,/workouts/10000000-0000-4000-8000-000000000003/edit,/workouts/10000000-0000-4000-8000-000000000003,/workouts/10000000-0000-4000-8000-000000000003/live,/workouts/10000000-0000-4000-8000-000000000003/history/fedb-barbell-squat	padding-top	.page	padding-top:30px
src/styles.css:324		matched_in_runtime	/me,/me/workouts,/me/progress,/me/achievements,/me/goal,/me/finance,/me/profile,/me/settings,/me/trainers,/me/edit,/join,/chat,/chat/10000000-0000-4000-8000-000000000004,/workouts/new,/workouts/10000000-0000-4000-8000-000000000003/edit,/workouts/10000000-0000-4000-8000-000000000003,/workouts/10000000-0000-4000-8000-000000000003/live,/workouts/10000000-0000-4000-8000-000000000003/history/fedb-barbell-squat		.page-header	display:flex; justify-content:space-between; align-items:center; gap:12px; margin-bottom:24px
src/styles.css:327		matched_in_runtime	/me/workouts		.page-header .button	padding:9px 13px; border-radius:11px; font-size:var(--text-ui)
src/styles.css:328		affects_computed_style	/me/achievements,/me/goal,/me/finance,/me/settings,/me/trainers,/join,/chat,/chat/10000000-0000-4000-8000-000000000004,/workouts/new,/workouts/10000000-0000-4000-8000-000000000003/edit,/workouts/10000000-0000-4000-8000-000000000003,/workouts/10000000-0000-4000-8000-000000000003/live,/workouts/10000000-0000-4000-8000-000000000003/history/fedb-barbell-squat	padding-top,padding-bottom	.page-back	width:44px; height:44px; display:grid; padding:0; border:1px solid var(--border); border-radius:14px; background:var(--page-back-bg); color:var(--fg); line-height:1
src/styles.css:333		matched_in_runtime	/me/goal,/me/trainers		.page-center .page-header h1	grid-column:2; margin:0
src/styles.css:398		affects_computed_style	/me,/me/progress,/join	border-top-left-radius,border-top-right-radius	.compact	padding:16px; border:1px solid var(--border); border-radius:16px; background:var(--surface-raised)
src/styles.css:399		affects_computed_style	/me/settings,/me/trainers,/me/edit,/join,/workouts/new,/workouts/10000000-0000-4000-8000-000000000003/edit	font-size,font-weight	.field	display:flex; gap:6px; color:var(--muted); font-size:var(--text-ui); font-weight:var(--weight-medium)
src/styles.css:400		affects_computed_style	/me/settings,/me/trainers,/me/edit,/join,/workouts/new,/workouts/10000000-0000-4000-8000-000000000003/edit	font-weight	.field input, .field textarea, .field select	font-size:var(--text-body); font-weight:400; line-height:var(--leading-body)
src/styles.css:401		affects_computed_style	/me/settings,/me/trainers,/me/edit,/join,/workouts/new,/workouts/10000000-0000-4000-8000-000000000003/edit	padding-top,padding-bottom	.field input, .field textarea, .field select, select[aria-label], .inline-form input	width:100%; padding:12px 13px; border:1px solid var(--border); border-radius:11px; color:var(--fg-on-surface); background:var(--input); outline:none
src/styles.css:408		matched_in_runtime	/workouts/new,/workouts/10000000-0000-4000-8000-000000000003/edit		.field input[type="date"], .field input[type="time"]	min-height:46px; line-height:1.2; font-variant-numeric:tabular-nums
src/styles.css:419		matched_in_runtime	/me,/me/workouts,/me/progress,/me/goal,/me/profile,/me/settings,/me/trainers,/me/edit,/workouts/new,/workouts/10000000-0000-4000-8000-000000000003/edit,/workouts/10000000-0000-4000-8000-000000000003,/workouts/10000000-0000-4000-8000-000000000003/live		.secondary	border-color:var(--border); background:var(--secondary-bg); color:var(--secondary-fg); box-shadow:none
src/styles.css:423		affects_computed_style	/me,/me/workouts,/me/progress,/me/goal,/me/profile,/workouts/new,/workouts/10000000-0000-4000-8000-000000000003/edit	background-color,padding-top,padding-bottom,color,font-weight	.link	border:0; background:transparent; color:var(--tertiary-fg); padding:4px; font-weight:var(--weight-medium); box-shadow:none
src/styles.css:425		matched_in_runtime	/me/goal,/me/settings		.danger	color:var(--danger)
src/styles.css:426		matched_in_runtime	/me/goal		.link.danger, .link.danger:hover, .link.danger:focus-visible	color:var(--danger)
src/styles.css:427		matched_in_runtime	/me/goal,/me/settings		.danger.secondary	border-color:var(--danger-border); background:var(--danger-surface); color:var(--danger)
src/styles.css:429		matched_in_runtime	/me/goal,/me/settings,/workouts/new,/workouts/10000000-0000-4000-8000-000000000003/edit,/workouts/10000000-0000-4000-8000-000000000003,/workouts/10000000-0000-4000-8000-000000000003/live		.wide	width:100%; margin-top:18px
src/styles.css:432		affects_computed_style	/me,/me/workouts,/me/progress,/me/goal,/me/profile,/workouts/10000000-0000-4000-8000-000000000003/history/fedb-barbell-squat	color	.muted, .card p	color:var(--muted)
src/styles.css:448		affects_computed_style	/me/finance,/me/trainers	min-height	.state-panel	min-height:184px; display:flex; align-items:center; justify-content:center; gap:var(--space-2); padding:var(--space-6); border:1px solid var(--border); border-radius:var(--radius-lg); background:var(--surface-raised); box-shadow:none; color:var(--fg)
src/styles.css:449		matched_in_runtime	/me/finance,/me/trainers		.state-panel-mark	width:44px; height:44px; display:grid; border-radius:var(--radius-md); color:var(--accent-strong); background:var(--accent-surface)
src/styles.css:451		matched_in_runtime	/me/finance,/me/trainers		.state-panel h2, .state-panel h3	margin:var(--space-1) 0 0; font-size:var(--type-section-size); color:var(--fg-strong)
src/styles.css:452		affects_computed_style	/me/finance,/me/trainers	font-size	.state-panel p	margin:0; color:var(--muted); font-size:var(--type-body-size); line-height:var(--leading-body)
src/styles.css:453		matched_in_runtime	/me/trainers		.state-panel-action	display:flex; justify-content:center; margin-top:var(--space-2)
src/styles.css:454		matched_in_runtime	/me/trainers		.state-panel-action .button, .state-panel-action button	min-height:var(--control-height-standard); margin:0
src/styles.css:455		matched_in_runtime	/me/finance,/me/trainers		.state-panel-empty	border-style:dashed; border-color:var(--border); background:var(--surface-raised)
src/styles.css:475		matched_in_runtime	/me,/me/workouts,/me/progress,/me/profile,/me/trainers,/workouts/10000000-0000-4000-8000-000000000003/history/fedb-barbell-squat		.card	display:flex; justify-content:space-between; align-items:center; gap:12px; padding:15px; border:1px solid var(--border); border-radius:17px; text-decoration:none; color:inherit; background:var(--card-fill); box-shadow:none
src/styles.css:479		affects_computed_style	/me/workouts,/me/profile	font-weight	.card > div > strong	display:inline-block; font-weight:var(--weight-semibold); line-height:var(--leading-snug)
src/styles.css:480		affects_computed_style	/me,/me/workouts,/me/progress,/me/profile	font-size	.card p	margin-top:4px; font-size:var(--text-ui); line-height:var(--leading-snug)
src/styles.css:481		matched_in_runtime	/workouts/10000000-0000-4000-8000-000000000003/edit,/workouts/10000000-0000-4000-8000-000000000003		.badge	padding:5px 8px; border-radius:99px; color:var(--secondary-label-fg); background:var(--surface-sunken); font-size:var(--text-caption); font-weight:var(--weight-medium); line-height:1.2
src/styles.css:482		matched_in_runtime	/workouts/10000000-0000-4000-8000-000000000003/edit		.badge.planned	color:var(--accent-label); background:var(--surface-raised)
src/styles.css:483		matched_in_runtime	/me,/me/workouts,/me/progress,/me/achievements,/me/goal,/me/finance,/me/profile,/me/settings,/me/trainers,/me/edit,/join,/assistant,/workouts/10000000-0000-4000-8000-000000000003,/workouts/10000000-0000-4000-8000-000000000003/history/fedb-barbell-squat		.tab-bar	position:fixed; width:min(calc(100% - 32px), 440px); display:grid; grid-template-columns:repeat(4, 1fr); padding:8px 5px calc(8px + env(safe-area-inset-bottom)); border:1px solid var(--border); border-radius:22px; background:var(--bar-bg); box-shadow:none
src/styles.css:484		affects_computed_style	/me,/me/workouts,/me/progress,/me/achievements,/me/goal,/me/finance,/me/profile,/me/settings,/me/trainers,/me/edit,/join,/assistant,/workouts/10000000-0000-4000-8000-000000000003,/workouts/10000000-0000-4000-8000-000000000003/history/fedb-barbell-squat	text-decoration-line	.tab-bar a	display:flex; align-items:center; gap:3px; padding:6px 3px; border-radius:12px; text-decoration:none; color:var(--muted); font-size:var(--text-xs); font-weight:var(--weight-medium); line-height:1.2
src/styles.css:486		matched_in_runtime	/me,/me/workouts,/me/progress,/me/finance,/me/profile,/assistant		.tab-bar a.active	color:var(--accent-label); background:var(--surface-sunken); font-weight:700
src/styles.css:487		matched_in_runtime	/me,/me/workouts,/me/progress,/me/achievements,/me/goal,/me/finance,/me/profile,/me/settings,/me/trainers,/me/edit,/join,/assistant,/workouts/10000000-0000-4000-8000-000000000003,/workouts/10000000-0000-4000-8000-000000000003/history/fedb-barbell-squat		.theme-light .tab-bar	background:var(--bar-bg)
src/styles.css:488		matched_in_runtime	/me,/me/workouts,/me/progress,/me/achievements,/me/goal,/me/finance,/me/profile,/me/settings,/me/trainers,/me/edit,/join,/assistant,/workouts/10000000-0000-4000-8000-000000000003,/workouts/10000000-0000-4000-8000-000000000003/history/fedb-barbell-squat		.theme-light .tab-bar a	color:var(--muted)
src/styles.css:489		matched_in_runtime	/me,/me/workouts,/me/progress,/me/finance,/me/profile,/assistant		.theme-light .tab-bar a.active	color:var(--accent-strong); background:var(--accent-surface)
src/styles.css:500		matched_in_runtime	/assistant		.assistant-page	position:relative; display:grid; grid-template-areas:"session" "thread" "context" "composer"; grid-template-rows:auto minmax(0, 1fr) auto auto; align-content:stretch; min-height:100%; gap:var(--space-4); padding:10px var(--space-4) calc(106px + env(safe-area-inset-bottom)); color:var(--fg)
src/styles.css:504		affects_computed_style	/assistant	min-height	.assistant-thread	grid-area:thread; display:flex; gap:8px; min-height:0; padding:2px 2px 8px 0
src/styles.css:505		matched_in_runtime	/assistant		.assistant-thread::before	margin-top:auto
src/styles.css:511		matched_in_runtime	/assistant		.assistant-first-entry	align-self:center; width:min(100%, 360px); display:grid; grid-template-columns:44px minmax(0, 1fr); gap:12px; padding:18px 2px 8px
src/styles.css:512		matched_in_runtime	/assistant		.assistant-first-entry-icon	display:grid; width:44px; height:44px; border:1px solid var(--success-border); border-radius:15px; background:var(--success-surface); color:var(--success-fg)
src/styles.css:515		matched_in_runtime	/assistant		.assistant-first-entry-copy h2	margin:0; font-size:21px; line-height:1.15; letter-spacing:-.02em
src/styles.css:516		matched_in_runtime	/assistant		.assistant-first-entry-copy p	margin:0; color:var(--muted); font-size:14px; line-height:1.42
src/styles.css:517		matched_in_runtime	/assistant		.assistant-first-entry-actions	grid-column:1 / -1; display:flex; gap:8px; padding-top:5px
src/styles.css:518		matched_in_runtime	/assistant		.assistant-first-entry-actions button	min-height:44px; padding:9px 13px; border:1px solid var(--border); border-radius:var(--radius-pill); background:var(--surface-raised); color:var(--fg); box-shadow:none; font-size:13px; font-weight:700
src/styles.css:523		matched_in_runtime	/assistant		.assistant-session-label strong	font-size:var(--type-body-size)
src/styles.css:524		matched_in_runtime	/assistant		.assistant-session-label span	color:var(--muted); font-size:var(--type-caption-size)
src/styles.css:705		matched_in_runtime	/assistant		.assistant-composer	grid-area:composer; position:static; width:100%; display:grid; grid-template-columns:minmax(0, 1fr) 48px 48px; align-items:end; gap:var(--space-2); margin-top:var(--space-2); padding:6px; border:1px solid var(--border); border-radius:30px; background:color-mix(in srgb, var(--surface-raised) 96%, var(--input)); box-shadow:none
src/styles.css:706		affects_computed_style	/assistant	background-color	.assistant-composer textarea, .assistant-composer > input	width:100%; min-height:48px; overflow-y:auto; border:0; border-radius:24px; background:transparent; color:var(--fg); padding:12px var(--space-3); font:inherit; font-size:var(--type-body-size); line-height:1.35
src/styles.css:712		affects_computed_style	/assistant	padding-top,padding-bottom	.assistant-icon-button	display:grid; width:48px; min-height:48px; padding:0; border-radius:50%
src/styles.css:720		affects_computed_style	/assistant	min-height	.assistant-shell .assistant-page	height:100%; min-height:0; grid-template-rows:auto minmax(0, 1fr) auto auto; padding-bottom:0; overflow:hidden
src/styles.css:727		matched_in_runtime	/assistant		.assistant-shell .assistant-composer	position:static; margin-top:0; padding:6px
src/styles.css:865		matched_in_runtime	/me/profile		.client-home-connections	display:grid; gap:10px; margin-top:4px; padding:18px; border:1px solid var(--border); border-radius:21px; background:var(--surface-raised); box-shadow:none
src/styles.css:867		matched_in_runtime	/me/profile		.client-home-section-head .eyebrow	margin:0 0 4px
src/styles.css:868		matched_in_runtime	/me/profile		.client-home-section-head h2	margin:0; font-size:22px
src/styles.css:870		matched_in_runtime	/me/profile		.client-home-connections > .card, .client-home-invitations	box-shadow:none
src/styles.css:871		matched_in_runtime	/me/profile		.client-home-connections > .card, .client-home-invitations .card	border-radius:14px; background:var(--surface-sunken)
src/styles.css:892		matched_in_runtime	/me/workouts,/me/progress		.client-workouts-page .page-header, .client-progress-page .page-header	margin-bottom:var(--section-gap)
src/styles.css:892		matched_in_runtime	/me/workouts		.client-workout-section-head .eyebrow, .client-progress-section-head .eyebrow	margin:0
src/styles.css:892		matched_in_runtime	/me/workouts		.client-workout-section-head h2, .client-progress-section-head h2	margin:0; font-size:var(--type-title-size); letter-spacing:var(--tracking-tight)
src/styles.css:893		affects_computed_style	/me/workouts	text-decoration-line	.past-workout-plan-card	display:grid; grid-template-columns:minmax(0,1fr) auto; align-items:center; gap:var(--space-3); padding:var(--space-3) var(--card-padding); border:1px solid var(--border); border-radius:var(--radius-lg); background:var(--surface-raised); color:var(--fg); text-decoration:none; box-shadow:none
src/styles.css:895		matched_in_runtime	/me/workouts		.past-workout-plan-copy > strong	font-size:var(--type-body-size); line-height:var(--leading-snug)
src/styles.css:896		matched_in_runtime	/me/workouts		.past-workout-plan-copy > small	color:var(--muted); font-size:var(--type-caption-size)
src/styles.css:898		matched_in_runtime	/me/workouts		.past-workout-plan-action	display:flex; align-items:center; gap:var(--space-1); color:var(--accent-strong); font-size:var(--type-caption-size); font-weight:var(--weight-bold)
src/styles.css:899		matched_in_runtime	/me/workouts		.past-workout-plan-action svg	width:18px; height:18px; color:var(--muted)
src/styles.css:961		matched_in_runtime	/me/goal		.goal-block	display:flex; gap:8px; margin-top:18px
src/styles.css:962		matched_in_runtime	/me/goal		.goal-block + .goal-block	margin-top:22px
src/styles.css:964		matched_in_runtime	/me/goal		.goal-head h2	margin:0
src/styles.css:974		matched_in_runtime	/me/goal		.stage-row	display:flex; align-items:center; justify-content:space-between; gap:10px; padding:12px 14px; border:1px solid var(--border); border-radius:14px; background:var(--surface-raised)
src/styles.css:977		matched_in_runtime	/me/goal		.stage-row strong	font-size:14px
src/styles.css:978		matched_in_runtime	/me/goal		.stage-row p	margin:3px 0 0; font-size:12px
src/styles.css:980		matched_in_runtime	/me/goal		.stage-actions .link	padding:4px 6px; font-size:13px
src/styles.css:984		matched_in_runtime	/me/settings		.menu	display:flex; margin:22px 0; border-block:1px solid var(--border)
src/styles.css:985		affects_computed_style	/me/settings	border-top-left-radius,border-top-right-radius,background-color,text-decoration-line	.menu a, .menu > button	min-height:52px; display:flex; align-items:center; justify-content:flex-start; padding:15px 4px; border:0; border-bottom:1px solid var(--border); border-radius:0; background:transparent; color:var(--fg); font:inherit; text-decoration:none; box-shadow:none
src/styles.css:985		matched_in_runtime	/me/settings		.menu > :last-child	border-bottom:0
src/styles.css:986		matched_in_runtime	/me/settings		.profile-settings	margin:20px 0 22px; overflow:hidden; border:1px solid var(--border); border-radius:var(--radius-lg); background:var(--surface-raised); box-shadow:none
src/styles.css:1001		matched_in_runtime	/me/settings		.body-map-appearance-setting	display:grid; gap:var(--space-3); margin:20px 0 22px; padding:var(--space-3); border:1px solid var(--border); border-radius:var(--radius-lg); background:var(--surface-raised); box-shadow:none
src/styles.css:1003		matched_in_runtime	/me/settings		.body-map-appearance-setting > div:first-child strong	font-size:var(--type-body-size); line-height:var(--leading-tight)
src/styles.css:1004		matched_in_runtime	/me/settings		.body-map-appearance-setting > div:first-child span	color:var(--muted); font-size:var(--type-caption-size); line-height:var(--leading-snug)
src/styles.css:1005		matched_in_runtime	/me/settings		.body-map-appearance-options	display:grid; grid-template-columns:repeat(2,minmax(0,1fr)); gap:4px; padding:4px; border:1px solid var(--border); border-radius:var(--radius-md); background:var(--surface-sunken)
src/styles.css:1007		affects_computed_style	/me/settings	padding-top,padding-bottom	.body-map-appearance-options button	min-height:44px; display:flex; align-items:center; justify-content:center; gap:6px; padding:7px 8px; border:0; border-radius:calc(var(--radius-md) - 4px); background:transparent; color:var(--muted); box-shadow:none; font-size:var(--text-xs); font-weight:var(--weight-semibold); line-height:1.15
src/styles.css:1008		matched_in_runtime	/me/settings		.body-map-appearance-options button[aria-checked="true"]	background:var(--surface-raised); color:var(--accent-strong); box-shadow:none
src/styles.css:1017		matched_in_runtime	/me/settings		.body-map-appearance-setting > small	color:var(--muted); font-size:var(--text-xs)
src/styles.css:1045		matched_in_runtime	/me		.app-install-card	display:grid; gap:var(--space-4); margin:0 0 var(--space-4); padding:var(--card-padding); border:1px solid var(--border); border-radius:var(--radius-lg); background:var(--surface-raised); box-shadow:none
src/styles.css:1046		matched_in_runtime	/me		.app-install-card.compact	gap:var(--space-3); margin:0; padding:16px; box-shadow:none
src/styles.css:1048		matched_in_runtime	/me		.app-install-card .eyebrow	margin:0 0 var(--space-1)
src/styles.css:1049		matched_in_runtime	/me		.app-install-card h2	margin:0; font-size:var(--type-section-size); line-height:var(--leading-snug)
src/styles.css:1050		matched_in_runtime	/me		.app-install-card p	margin:0
src/styles.css:1051		matched_in_runtime	/me		.app-install-card.compact > div:first-child > p:last-child, .app-install-copy	color:var(--muted); font-size:var(--type-caption-size); line-height:var(--leading-body)
src/styles.css:1059		matched_in_runtime	/join		.join-page .page-header	margin-bottom:18px
src/styles.css:1059		matched_in_runtime	/join		.join-card	display:grid; gap:20px; margin:4px auto 0; padding:20px; border:1px solid var(--border); border-radius:22px; background:var(--surface-raised); box-shadow:none
src/styles.css:1059		matched_in_runtime	/join		.join-card-head .eyebrow	margin:0
src/styles.css:1059		matched_in_runtime	/join		.join-card-head h2	margin:0; font-size:26px; line-height:1.13; letter-spacing:var(--tracking-tight)
src/styles.css:1059		matched_in_runtime	/join		.join-card-head > p:last-child	margin:0; color:var(--muted); font-size:15px; line-height:1.42
src/styles.css:1059		affects_computed_style	/join	padding-top,padding-bottom	.join-form	padding:0; border:0; background:transparent
src/styles.css:1059		matched_in_runtime	/join		.join-form input	min-height:52px; border-radius:15px; background:var(--surface-sunken); font-size:18px; letter-spacing:.06em
src/styles.css:1059		matched_in_runtime	/join		.join-form button	min-height:52px; border-radius:16px; font-size:17px; font-weight:800
src/styles.css:1067		matched_in_runtime	/me/settings		.switch-row	position:relative; min-height:58px; display:flex; align-items:center; gap:14px; padding:13px 14px
src/styles.css:1068		matched_in_runtime	/me/settings		.switch-row + .switch-row	border-top:1px solid var(--border)
src/styles.css:1069		matched_in_runtime	/me/settings		.switch-label	color:var(--fg); font-size:var(--text-ui); font-weight:var(--weight-medium); line-height:var(--leading-snug)
src/styles.css:1070		matched_in_runtime	/me/settings		.switch-input	position:absolute; width:48px; height:28px; margin:0; transform:translateY(-50%); opacity:0
src/styles.css:1071		affects_computed_style	/me/settings	border-top-left-radius,border-top-right-radius	.switch-control	position:relative; width:48px; height:28px; border:1px solid var(--border); border-radius:var(--radius-pill); background:var(--surface-sunken); box-shadow:none
src/styles.css:1072		matched_in_runtime	/me/settings		.switch-control::after	position:absolute; width:20px; height:20px; border-radius:50%; background:var(--surface-elevated); box-shadow:none
src/styles.css:1073		matched_in_runtime	/me/settings		.switch-input:checked + .switch-control	border-color:var(--accent); background:var(--primary-fill); box-shadow:none
src/styles.css:1074		matched_in_runtime	/me/settings		.switch-input:checked + .switch-control::after	transform:translateX(20px); background:var(--on-accent)
src/styles.css:1084		affects_computed_style	/me/settings	padding-top,padding-bottom,color,font-size	.push-unavailable	margin:0; padding:14px; color:var(--muted); font-size:var(--type-caption-size); line-height:var(--leading-body)
src/styles.css:1092		affects_computed_style	/me/settings	color	.settings-section > h2	margin:6px 2px 0; color:var(--secondary-label-fg); font-size:13px; font-weight:600; line-height:1.3
src/styles.css:1093		matched_in_runtime	/me/settings		.settings-section > .profile-settings, .settings-section > .body-map-appearance-setting, .settings-section > .menu, .settings-section > .yandex-account-linking-card, .settings-section > .app-install-card, .settings-section > .app-feedback-card	margin:0
src/styles.css:1099		affects_computed_style	/me/settings	border-top-left-radius,border-top-right-radius,background-color	.account-settings-card	overflow:hidden; border:1px solid var(--border); border-radius:18px; background:var(--surface-raised)
src/styles.css:1100		affects_computed_style	/me/settings	min-height,padding-top,padding-bottom	.account-settings-summary	min-height:76px; display:flex; align-items:center; justify-content:space-between; gap:12px; padding:14px
src/styles.css:1104		affects_computed_style	/me/settings	font-size	.account-settings-summary strong	color:var(--fg); font-size:15px; font-weight:600
src/styles.css:1105		affects_computed_style	/me/settings	color,font-size	.account-settings-summary span	color:var(--muted); font-size:12px; line-height:1.35
src/styles.css:1123		matched_in_runtime	/me/progress,/chat/10000000-0000-4000-8000-000000000004,/assistant,/workouts/new,/workouts/10000000-0000-4000-8000-000000000003/edit,/workouts/10000000-0000-4000-8000-000000000003,/workouts/10000000-0000-4000-8000-000000000003/live		.sr-only	position:absolute; width:1px; height:1px; padding:0; margin:-1px; overflow:hidden; border:0
src/styles.css:1295		affects_computed_style	/me/profile,/chat/10000000-0000-4000-8000-000000000004,/workouts/10000000-0000-4000-8000-000000000003	padding-top,padding-bottom	.overflow-trigger	width:44px; height:44px; display:grid; padding:0; border:1px solid var(--border); border-radius:10px; background:var(--surface-raised); color:var(--fg); line-height:1; box-shadow:none
src/styles.css:1440		matched_in_runtime	/workouts/10000000-0000-4000-8000-000000000003		.workout-detail-page .page-header	margin-bottom:12px
src/styles.css:1445		matched_in_runtime	/workouts/10000000-0000-4000-8000-000000000003		.workout-detail-primary-actions	display:grid; gap:var(--space-2); margin-top:-3px
src/styles.css:1505		matched_in_runtime	/workouts/10000000-0000-4000-8000-000000000003		.workout-detail-exercise-overview	display:flex; align-items:baseline; justify-content:space-between; gap:var(--space-3); margin:var(--section-gap) 0 var(--space-1); padding-bottom:var(--space-2); border-bottom:1px solid var(--border)
src/styles.css:1506		matched_in_runtime	/workouts/10000000-0000-4000-8000-000000000003		.workout-detail-exercise-overview p	margin:0; color:var(--accent-strong); font-size:var(--type-caption-size); font-weight:var(--weight-bold); letter-spacing:var(--tracking-label)
src/styles.css:1507		matched_in_runtime	/workouts/10000000-0000-4000-8000-000000000003		.workout-detail-exercise-overview span	color:var(--secondary-label-fg); font-size:var(--text-sm); font-weight:var(--weight-semibold)
src/styles.css:1576		matched_in_runtime	/workouts/10000000-0000-4000-8000-000000000003		.workout-detail-page > .actions	margin-top:18px
src/styles.css:1577		matched_in_runtime	/workouts/10000000-0000-4000-8000-000000000003		.workout-detail-page > .actions .button	min-height:48px; border-radius:15px
src/styles.css:1595		matched_in_runtime	/workouts/new,/workouts/10000000-0000-4000-8000-000000000003/edit		.workout-composer-card	display:grid; grid-template-columns:minmax(0, 1fr) auto; gap:0; padding:16px 16px 10px; border:1px solid var(--border); border-radius:var(--radius-lg); background:var(--surface-raised)
src/styles.css:1596		matched_in_runtime	/workouts/new,/workouts/10000000-0000-4000-8000-000000000003/edit		.workout-composer-card .voice-note-field	display:contents; margin:0
src/styles.css:1597		affects_computed_style	/workouts/new,/workouts/10000000-0000-4000-8000-000000000003/edit	padding-bottom	.workout-composer-card .voice-note-field > label	grid-column:1 / -1; padding:0 0 8px 1px; color:var(--text-muted); font-size:14px
src/styles.css:1598		matched_in_runtime	/workouts/new,/workouts/10000000-0000-4000-8000-000000000003/edit		.workout-composer-card .voice-note-field textarea	grid-column:1 / -1; min-height:104px; padding:6px 10px 12px 1px; overflow-y:hidden; background:transparent; border-color:transparent; border-radius:0; box-shadow:none; font-size:17px; line-height:1.42
src/styles.css:1600		matched_in_runtime	/workouts/new,/workouts/10000000-0000-4000-8000-000000000003/edit		.workout-composer-card .voice-input	grid-column:2; grid-row:3; align-items:flex-end; min-height:46px; padding:5px 0 5px 14px; border-top:1px solid var(--border); border-left:1px solid var(--border)
src/styles.css:1601		matched_in_runtime	/workouts/new,/workouts/10000000-0000-4000-8000-000000000003/edit		.workout-composer-card .voice-input-button	min-height:36px; padding:6px 0; border:0; background:transparent; color:var(--muted); font-size:14px
src/styles.css:1606		matched_in_runtime	/workouts/new,/workouts/10000000-0000-4000-8000-000000000003/edit		.workout-composer-actions > .wide	margin-top:0
src/styles.css:1607		matched_in_runtime	/workouts/new,/workouts/10000000-0000-4000-8000-000000000003/edit		.workout-composer-hint	margin:-2px 0 0; color:var(--text-muted); font-size:13px; line-height:1.4
src/styles.css:1612		matched_in_runtime	/workouts/new,/workouts/10000000-0000-4000-8000-000000000003/edit		.quick-workout-add	color:var(--accent-strong); border-color:var(--accent-surface-border); background:var(--accent-surface)
src/styles.css:1629		matched_in_runtime	/me		.today-start-page	margin:0 auto
src/styles.css:1629		matched_in_runtime	/me		.today-start-page .page-header	margin-bottom:10px
src/styles.css:1629		matched_in_runtime	/me		.today-start-page .page-header h1	font-size:30px
src/styles.css:1629		affects_computed_style	/me	text-decoration-line	.today-profile-avatar	display:grid; width:46px; height:46px; border:1px solid var(--border); border-radius:50%; background:var(--accent-surface); color:var(--accent-strong); font-size:15px; font-weight:800; text-decoration:none
src/styles.css:1631		affects_computed_style	/me,/me/workouts,/me/progress,/me/profile,/me/edit,/join,/workouts/new,/workouts/10000000-0000-4000-8000-000000000003/edit	font-weight	.eyebrow	margin:0; color:var(--accent-strong); font-size:13px; font-weight:750; letter-spacing:.06em
src/styles.css:1636		matched_in_runtime	/me		.today-start-page	padding-top:max(16px, calc(34px - env(safe-area-inset-top)))
src/styles.css:1637		matched_in_runtime	/me		.today-start-page .page-header	margin-bottom:6px
src/styles.css:1638		matched_in_runtime	/me		.today-start-page .page-header h1	font-size:clamp(28px, 7.6vw, 32px)
src/styles.css:1639		affects_computed_style	/me	text-decoration-line	.today-profile-avatar	width:44px; height:44px
src/styles.css:1688		matched_in_runtime	/me		.today-greeting	margin:2px 0 0; color:var(--text); font-size:15px; line-height:1.35
src/styles.css:1689		matched_in_runtime	/me		.voice-action	position:relative; display:grid; justify-items:center; gap:14px; padding:2px 0 0
src/styles.css:1690		affects_computed_style	/me	padding-top,padding-bottom	.voice-action-hitarea	position:absolute; width:100%; min-height:0; padding:0; border:0; border-radius:inherit; background:transparent; box-shadow:none
src/styles.css:1695		matched_in_runtime	/me		.voice-action-copy h2	margin:0; color:var(--voice-title); font-size:21px; letter-spacing:-.02em
src/styles.css:1696		matched_in_runtime	/me		.voice-action-guidance	margin:0; color:var(--voice-copy); font-size:14px; line-height:1.4
src/styles.css:1697		matched_in_runtime	/me		.voice-action-button	position:relative; width:112px; height:112px; display:grid; padding:0; border:1px solid var(--voice-surface-border); border-radius:50%; background:var(--voice-surface); color:var(--voice-primary); box-shadow:none
src/styles.css:1698		matched_in_runtime	/me		.voice-action-button::before	position:absolute; border:1px solid var(--voice-ring); border-radius:50%
src/styles.css:1704		affects_computed_style	/me	border-top-left-radius,border-top-right-radius	.voice-action-ring	position:absolute; border-radius:50%
src/styles.css:1708		matched_in_runtime	/me		.voice-action-label strong	color:var(--voice-title); font-size:17px
src/styles.css:1813		matched_in_runtime	/me		.client-home-next, .client-home-past-plan, .client-home-week, .client-home-highlight, .client-home-self-training.compact, .client-home-error	padding:16px; border:1px solid var(--voice-context-border); border-radius:20px; background:var(--voice-surface); box-shadow:none
src/styles.css:1818		matched_in_runtime	/me		.client-home-next .eyebrow, .client-home-week .eyebrow, .client-home-highlight .eyebrow, .client-home-self-training .eyebrow	margin:0
src/styles.css:1819		matched_in_runtime	/me		.client-home-next h2, .client-home-week h2, .client-home-highlight h2, .client-home-self-training h2	margin:0; color:var(--voice-title); font-size:20px; line-height:1.18; letter-spacing:-.02em
src/styles.css:1830		matched_in_runtime	/me		.client-home-past-plan	display:grid; gap:6px; box-shadow:none
src/styles.css:1831		matched_in_runtime	/me		.client-home-past-plan .eyebrow	margin:0
src/styles.css:1832		affects_computed_style	/me	color,text-decoration-line	.client-home-past-plan > a	display:grid; grid-template-columns:minmax(0,1fr) auto; align-items:center; gap:var(--space-3); color:var(--voice-title); text-decoration:none
src/styles.css:1834		matched_in_runtime	/me		.client-home-past-plan h2	margin:0; display:-webkit-box; overflow:hidden; font-size:var(--type-body-size); line-height:var(--leading-snug)
src/styles.css:1836		matched_in_runtime	/me		.client-home-past-plan b	display:inline-flex; align-items:center; gap:4px; color:var(--accent-strong); font-size:var(--type-caption-size)
src/styles.css:1843		matched_in_runtime	/me		.client-home-highlight	display:grid; gap:7px; box-shadow:none
src/styles.css:1847		affects_computed_style	/me	color,text-decoration-line	.client-home-highlight > a	display:grid; grid-template-columns:minmax(0,1fr) auto; align-items:center; gap:12px; color:var(--voice-title); text-decoration:none
src/styles.css:1849		matched_in_runtime	/me		.client-home-highlight h2	font-size:17px
src/styles.css:1850		matched_in_runtime	/me		.client-home-highlight small	display:-webkit-box; overflow:hidden; color:var(--voice-copy); font-size:12px; line-height:1.35
src/styles.css:1851		matched_in_runtime	/me		.client-home-highlight > a > svg	width:22px; height:22px; color:var(--voice-context-arrow)
src/styles.css:1853		affects_computed_style	/me	padding-top	.client-home-self-training.primary	padding-top:1px
src/styles.css:1866		affects_computed_style	/me/workouts	padding-top	.preset-workout-picker	display:grid; gap:10px; padding-top:4px
src/styles.css:1867		affects_computed_style	/me/workouts	color,font-size	.preset-workout-picker-hint	margin:0; color:var(--voice-copy); font-size:13px; line-height:1.35
src/styles.css:1871		affects_computed_style	/me/workouts	font-size	.preset-workout-card strong	font-size:15px
src/styles.css:1872		affects_computed_style	/me/workouts	font-size	.preset-workout-card p	margin:0; color:var(--muted); font-size:13px; line-height:1.35
src/styles.css:1873		affects_computed_style	/me/workouts	color,font-size	.preset-workout-card small	color:var(--muted); font-size:12px
src/styles.css:1874		matched_in_runtime	/me/workouts		.preset-workout-card > button	min-height:40px; padding-inline:14px; border-radius:14px; font-size:13px
src/styles.css:1875		matched_in_runtime	/me/workouts		.favorite-workouts-section	margin-bottom:18px
src/styles.css:1887		affects_computed_style	/me/workouts	padding-top,padding-bottom	.favorite-workouts-error	display:flex; align-items:center; justify-content:space-between; gap:12px; padding:4px 2px
src/styles.css:1888		affects_computed_style	/me/workouts	color,font-size	.favorite-workouts-error p	margin:0; color:var(--danger); font-size:13px
src/styles.css:1896		matched_in_runtime	/me		.today-greeting	font-size:14px
src/styles.css:1896		matched_in_runtime	/me		.voice-action	gap:11px
src/styles.css:1896		matched_in_runtime	/me		.voice-action-copy h2	font-size:19px
src/styles.css:1896		matched_in_runtime	/me		.voice-action-button	width:102px; height:102px
src/styles.css:1908		matched_in_runtime	/workouts/10000000-0000-4000-8000-000000000003/live		.live-timer	min-height:var(--control-height-compact); display:inline-flex; align-items:center; gap:var(--space-2); padding:0 var(--space-3); border:1px solid var(--border); border-radius:var(--radius-pill); background:var(--surface-sunken); color:var(--fg); font-weight:var(--weight-semibold); font-variant-numeric:tabular-nums; font-size:var(--text-ui)
src/styles.css:1911		matched_in_runtime	/workouts/10000000-0000-4000-8000-000000000003/live		.live-pinned	position:sticky; margin:0 0 14px; display:flex; gap:8px; padding:4px 0; background:var(--surface)
src/styles.css:1912		affects_computed_style	/workouts/10000000-0000-4000-8000-000000000003/live	border-top-left-radius,border-top-right-radius	.live-dot-mark	width:8px; height:8px; border-radius:50%; background:var(--muted); box-shadow:none
src/styles.css:1933		affects_computed_style	/chat,/chat/10000000-0000-4000-8000-000000000004,/workouts/new,/workouts/10000000-0000-4000-8000-000000000003/edit,/workouts/10000000-0000-4000-8000-000000000003/live	padding-bottom	.content-immersive	padding-bottom:calc(96px + env(safe-area-inset-bottom))
src/styles.css:1937		matched_in_runtime	/workouts/10000000-0000-4000-8000-000000000003/live		.live-bottom-bar	position:fixed; transform:translateX(-50%); width:min(100%, 440px); display:grid; gap:10px; padding:12px 18px calc(12px + env(safe-area-inset-bottom)); background:var(--bar-bg); border-top:1px solid var(--border)
src/styles.css:2047		matched_in_runtime	/workouts/new,/workouts/10000000-0000-4000-8000-000000000003/edit,/workouts/10000000-0000-4000-8000-000000000003/live		.workout-focused-page > .page-header	min-height:var(--control-height-standard); margin-bottom:var(--space-2)
src/styles.css:2049		matched_in_runtime	/workouts/new,/workouts/10000000-0000-4000-8000-000000000003/edit		.workout-form-page .workout-form-section:first-child	padding:0 0 var(--space-5); border:0; border-bottom:1px solid var(--border); border-radius:0; background:transparent; box-shadow:none
src/styles.css:2050		affects_computed_style	/workouts/new,/workouts/10000000-0000-4000-8000-000000000003/edit	padding-top,padding-bottom	.workout-empty-hint	margin:0; padding:var(--space-3) 0; color:var(--muted); font-size:var(--type-body-size); line-height:var(--leading-body)
src/styles.css:2056		matched_in_runtime	/workouts/10000000-0000-4000-8000-000000000003/live		.live-workout-page .page-header	margin-bottom:8px
src/styles.css:2057		matched_in_runtime	/workouts/10000000-0000-4000-8000-000000000003/live		.live-workout-page .page-header h1	font-size:var(--type-display-fluid)
src/styles.css:2071		matched_in_runtime	/me/progress		.chart	margin:12px -8px; padding:14px 0; border:1px solid var(--border); border-radius:16px
src/styles.css:2072		matched_in_runtime	/me/progress		.chart h2	margin:0 18px 10px
src/styles.css:2115		matched_in_runtime	/me/progress		.measurement-actions	display:grid; grid-template-columns:minmax(0,1.25fr) repeat(2,minmax(0,1fr)); align-items:center; gap:var(--space-2); padding-top:var(--space-3); border-top:1px solid var(--border)
src/styles.css:2116		affects_computed_style	/me/progress	padding-top,padding-bottom	.measurement-actions button	min-height:var(--control-height-standard); padding:var(--space-2) var(--space-3); font-size:var(--type-caption-size)
src/styles.css:2118		matched_in_runtime	/me/progress		.measurement-primary-action	color:var(--accent-strong)
src/styles.css:2160		matched_in_runtime	/me/progress		.ai-progress-card	margin:0 -2px var(--space-6); overflow:hidden; border:1px solid var(--ai-card-border); border-radius:var(--radius-lg); background:var(--ai-card-background); box-shadow:none
src/styles.css:2161		matched_in_runtime	/me/progress		.ai-progress-header	display:flex; align-items:flex-start; justify-content:space-between; gap:var(--space-3); padding:var(--card-padding) var(--card-padding) var(--space-3)
src/styles.css:2163		matched_in_runtime	/me/progress		.ai-progress-title h2	margin:0; font-size:var(--type-section-size); line-height:1.2
src/styles.css:2168		matched_in_runtime	/me/progress		.ai-progress-periods	display:grid; gap:var(--space-1); margin:0 var(--card-padding) var(--space-3); padding:var(--space-1); border:1px solid var(--ai-divider); border-radius:var(--radius-md); background:var(--ai-subtle-surface)
src/styles.css:2172		matched_in_runtime	/me/progress		.ai-progress-periods button	min-height:var(--control-height-compact); padding:7px var(--space-1); border:1px solid transparent; border-radius:var(--radius-sm); background:transparent; color:var(--muted); box-shadow:none; font-size:var(--type-caption-size)
src/styles.css:2173		matched_in_runtime	/me/progress		.ai-progress-periods button.active	border-color:color-mix(in srgb, var(--accent) 28%, var(--ai-divider)); background:var(--surface-raised); color:var(--accent-strong); box-shadow:none
src/styles.css:2221		matched_in_runtime	/me/progress		.client-progress-card	border-color:var(--client-ai-card-border); background:var(--client-ai-card-background)
src/styles.css:2224		matched_in_runtime	/me/progress		.client-progress-card .ai-progress-periods	width:min(320px, calc(100% - 2 * var(--card-padding))); margin-bottom:var(--space-2); padding:2px; border-color:color-mix(in srgb, var(--ai-divider) 72%, transparent); box-shadow:none
src/styles.css:2226		matched_in_runtime	/me/progress		.client-progress-card .ai-progress-periods button	min-height:34px; padding:5px var(--space-2)
src/styles.css:2292		matched_in_runtime	/me/progress		.client-progress-comparison	display:grid; gap:10px; margin:var(--space-3) var(--card-padding) 0; padding-bottom:var(--space-3); border-bottom:1px solid var(--ai-divider)
src/styles.css:2293		matched_in_runtime	/me/progress		.client-progress-comparison h3, .client-progress-goal-story h3, .client-progress-upcoming h3	margin:0; font-size:var(--type-body-size); line-height:var(--leading-tight)
src/styles.css:2296		matched_in_runtime	/me/progress		.period-comparison-facts	display:grid; gap:0; margin:0; border-top:1px solid var(--border)
src/styles.css:2306		matched_in_runtime	/me/progress		.client-progress-measurements-story	display:grid; gap:12px; margin:var(--space-3) var(--card-padding) 0; padding-bottom:var(--space-3); border-bottom:1px solid var(--ai-divider)
src/styles.css:2310		matched_in_runtime	/me/progress		.client-progress-measurements-story > header h3	margin:0; overflow-wrap:anywhere; font-size:var(--type-body-size); line-height:var(--leading-tight)
src/styles.css:2317		affects_computed_style	/me/progress	padding-top,padding-bottom	.measurement-story-current	display:grid; grid-template-columns:minmax(0,1fr) auto; align-items:end; gap:12px; padding:12px 0; border-block:1px solid var(--border)
src/styles.css:2320		matched_in_runtime	/me/progress		.measurement-story-current span, .measurement-story-current small	color:var(--muted); font-size:var(--type-micro-size); line-height:var(--leading-snug)
src/styles.css:2321		affects_computed_style	/me/progress	font-size	.measurement-story-current strong	overflow-wrap:anywhere; color:var(--fg); font-size:clamp(26px,8vw,34px); font-variant-numeric:tabular-nums; line-height:1
src/styles.css:2322		affects_computed_style	/me/progress	color,font-size,font-weight	.measurement-story-current > div:last-child span	color:var(--fg); font-size:var(--type-caption-size); font-variant-numeric:tabular-nums; font-weight:var(--weight-semibold)
src/styles.css:2323		affects_computed_style	/me/progress	padding-top,padding-bottom,border-top-left-radius,border-top-right-radius	.client-progress-measurements-story .chart.compact	margin:0; padding:0; overflow:hidden; border:0; border-radius:0; background:transparent
src/styles.css:2324		affects_computed_style	/me/progress	font-size	.client-progress-measurements-story .chart.compact h2	margin:0 0 6px; color:var(--fg); font-size:var(--type-caption-size); font-weight:var(--weight-semibold)
src/styles.css:2326		matched_in_runtime	/me/progress		.measurement-story-facts	display:grid; gap:0; margin:0; border-top:1px solid var(--border)
src/styles.css:2327		affects_computed_style	/me/progress	padding-top,padding-bottom	.measurement-story-facts > div	display:grid; grid-template-columns:minmax(108px,.8fr) minmax(0,1.5fr); gap:10px; padding:9px 0; border-bottom:1px solid var(--border)
src/styles.css:2328		matched_in_runtime	/me/progress		.measurement-story-facts dt	color:var(--muted); font-size:var(--type-micro-size); line-height:var(--leading-snug)
src/styles.css:2329		affects_computed_style	/me/progress	font-weight	.measurement-story-facts dd	margin:0; overflow-wrap:anywhere; color:var(--fg); font-size:var(--type-caption-size); font-variant-numeric:tabular-nums; font-weight:var(--weight-semibold); line-height:var(--leading-snug)
src/styles.css:2330		matched_in_runtime	/me/progress		.measurement-story-after-period, .measurement-story-explanation p, .measurement-story-state, .measurement-story-empty p	margin:0; overflow-wrap:anywhere; font-size:var(--type-caption-size); line-height:var(--leading-body)
src/styles.css:2332		affects_computed_style	/me/progress	padding-top	.measurement-story-explanation	padding-top:10px; border-top:1px solid var(--border)
src/styles.css:2333		matched_in_runtime	/me/progress		.measurement-story-explanation p	color:var(--fg)
src/styles.css:2337		affects_computed_style	/me/progress	padding-top	.measurement-story-management	padding-top:12px; border-top:1px solid var(--border)
src/styles.css:2339		affects_computed_style	/me/progress	padding-top,padding-bottom,border-top-left-radius,border-top-right-radius,background-color	.inbody-import	display:grid; gap:12px; padding:16px; border:1px solid var(--border); border-radius:var(--radius-lg); background:var(--surface-raised)
src/styles.css:2340		matched_in_runtime	/me/progress		.inbody-import-copy .eyebrow, .inbody-import-copy h2, .inbody-import-copy p	margin:0
src/styles.css:2340		affects_computed_style	/me/progress	font-size	.inbody-import-copy h2	font-size:var(--type-title-size)
src/styles.css:2346		affects_computed_style	/me/progress	padding-top	.measurement-story-management .measurement-actions	padding-top:0; border-top:0
src/styles.css:2350		matched_in_runtime	/me/progress		.client-progress-regularity-story	display:grid; gap:10px; margin:var(--space-3) var(--card-padding) 0; padding-bottom:var(--space-3); border-bottom:1px solid var(--ai-divider)
src/styles.css:2352		matched_in_runtime	/me/progress		.client-progress-regularity-story > header h3	margin:0; overflow-wrap:anywhere; font-size:var(--type-body-size); line-height:var(--leading-tight)
src/styles.css:2353		affects_computed_style	/me/progress	font-size	.client-progress-regularity-story > header strong	color:var(--fg); font-size:var(--type-body-size); font-variant-numeric:tabular-nums; line-height:var(--leading-tight)
src/styles.css:2354		affects_computed_style	/me/progress	padding-top,padding-bottom,border-top-left-radius,border-top-right-radius,background-color	.regularity-weekly-strip	display:grid; gap:8px; padding:10px; border-radius:var(--radius-md); background:var(--surface-sunken)
src/styles.css:2356		affects_computed_style	/me/progress	font-size,font-weight	.regularity-weekly-strip-head span	color:var(--fg); font-size:var(--type-caption-size); font-weight:var(--weight-semibold)
src/styles.css:2357		affects_computed_style	/me/progress	color,font-size	.regularity-weekly-strip-head small	color:var(--muted); font-size:var(--type-micro-size); font-variant-numeric:tabular-nums
src/styles.css:2358		affects_computed_style	/me/progress	min-height	.regularity-weekly-strip ol	display:flex; align-items:stretch; gap:4px; min-height:30px; margin:0; padding:0
src/styles.css:2359		affects_computed_style	/me/progress	min-height,border-top-left-radius,border-top-right-radius,background-color,color,font-size,font-weight	.regularity-weekly-strip li	display:grid; min-height:30px; border:1px solid var(--border); border-radius:5px; background:var(--surface-raised); color:var(--muted); font-size:10px; font-variant-numeric:tabular-nums; font-weight:var(--weight-semibold)
src/styles.css:2365		matched_in_runtime	/me/progress		.regularity-story-facts	display:grid; grid-template-columns:repeat(3,minmax(0,1fr)); gap:0; margin:0; border-block:1px solid var(--border)
src/styles.css:2366		affects_computed_style	/me/progress	padding-top,padding-bottom	.regularity-story-facts > div	display:grid; align-content:start; gap:3px; padding:8px 6px
src/styles.css:2367		matched_in_runtime	/me/progress		.regularity-story-facts > div + div	border-left:1px solid var(--border)
src/styles.css:2368		matched_in_runtime	/me/progress		.regularity-story-facts dt	color:var(--muted); font-size:var(--type-micro-size); line-height:var(--leading-snug)
src/styles.css:2369		affects_computed_style	/me/progress	font-weight	.regularity-story-facts dd	margin:0; overflow-wrap:anywhere; color:var(--fg); font-size:var(--type-caption-size); font-variant-numeric:tabular-nums; font-weight:var(--weight-semibold); line-height:var(--leading-snug)
src/styles.css:2372		matched_in_runtime	/me/progress		.client-progress-goal-story	display:grid; gap:8px; margin:var(--space-3) var(--card-padding) 0; padding:var(--space-3); border:1px solid var(--ai-divider); border-radius:var(--radius-md); background:var(--surface-muted)
src/styles.css:2375		affects_computed_style	/me/progress	color,font-size,font-weight	.client-progress-goal-story-head > span	color:var(--accent-strong); font-size:var(--type-caption-size); font-weight:var(--weight-bold); letter-spacing:var(--tracking-label)
src/styles.css:2385		affects_computed_style	/me/progress	min-height,padding-top,padding-bottom	.client-progress-goal-story > .link	width:fit-content; min-height:44px; padding:8px 0
src/styles.css:2386		affects_computed_style	/me/progress	color	.client-progress-goal-story p, .client-progress-upcoming p	margin:0; color:var(--muted); font-size:var(--type-caption-size); line-height:var(--leading-body)
src/styles.css:2463		matched_in_runtime	/me/profile		.client-profile-card	display:flex; align-items:center; gap:13px; margin-bottom:18px; padding:17px; border:1px solid var(--border); border-radius:18px; background:var(--surface-raised)
src/styles.css:2464		matched_in_runtime	/me/profile		.client-profile-avatar	width:50px; height:50px; display:grid; border-radius:16px; color:white; background:var(--avatar-fill); font-weight:900
src/styles.css:2465		matched_in_runtime	/me/profile		.client-profile-card p	color:var(--muted); font-size:13px
src/styles.css:2500		matched_in_runtime	/me/progress		.running-progress-card	display:grid; gap:var(--space-4); margin-top:var(--space-4); padding:var(--card-padding); border:1px solid var(--border); border-radius:var(--radius-lg); background:var(--surface-raised); box-shadow:none
src/styles.css:2502		matched_in_runtime	/me/progress		.running-progress-card h2	margin:2px 0 0; font-size:22px; line-height:1.15
src/styles.css:2640		matched_in_runtime	/workouts/10000000-0000-4000-8000-000000000003/history/fedb-barbell-squat		.exercise-card-meta h2	margin:0 0 8px; overflow-wrap:anywhere
src/styles.css:2642		matched_in_runtime	/workouts/10000000-0000-4000-8000-000000000003/history/fedb-barbell-squat		.tabs	display:flex; gap:6px; margin:14px 0 12px; border-bottom:1px solid var(--border)
src/styles.css:2643		matched_in_runtime	/workouts/10000000-0000-4000-8000-000000000003/history/fedb-barbell-squat		.tab	padding:10px 14px; background:none; border:none; border-bottom:2px solid transparent; color:var(--muted); font-weight:600; box-shadow:none
src/styles.css:2644		matched_in_runtime	/workouts/10000000-0000-4000-8000-000000000003/history/fedb-barbell-squat		.tab.active	color:var(--fg); border-bottom-color:var(--accent-label)
src/styles.css:2645		matched_in_runtime	/workouts/10000000-0000-4000-8000-000000000003/history/fedb-barbell-squat		.exercise-card-tabs	display:grid; grid-template-columns:repeat(3, minmax(0, 1fr)); gap:3px; margin:14px 0; padding:3px; border:1px solid var(--border); border-radius:15px; background:var(--surface-sunken)
src/styles.css:2645		affects_computed_style	/workouts/10000000-0000-4000-8000-000000000003/history/fedb-barbell-squat	padding-top,padding-bottom	.exercise-card-tabs .tab	min-height:42px; padding:8px 6px; border:0; border-radius:11px; color:var(--muted); font-size:14px; font-weight:700
src/styles.css:2645		matched_in_runtime	/workouts/10000000-0000-4000-8000-000000000003/history/fedb-barbell-squat		.exercise-card-tabs .tab.active	color:var(--fg); background:var(--surface-raised); box-shadow:none
src/styles.css:2674		affects_computed_style	/workouts/10000000-0000-4000-8000-000000000003/history/fedb-barbell-squat	padding-top,padding-bottom	.empty-hint	padding:24px 8px
src/styles.css:2685		matched_in_runtime	/workouts/new,/workouts/10000000-0000-4000-8000-000000000003/edit		.workout-form	gap:var(--space-5); padding-bottom:calc(92px + env(safe-area-inset-bottom))
src/styles.css:2686		matched_in_runtime	/workouts/new,/workouts/10000000-0000-4000-8000-000000000003/edit		.workout-form-section	display:grid; gap:14px; padding:20px; border:1px solid var(--border); border-radius:22px; background:var(--surface-raised); box-shadow:none
src/styles.css:2687		matched_in_runtime	/workouts/new,/workouts/10000000-0000-4000-8000-000000000003/edit		.workout-form-section-head	display:grid; gap:3px; padding-bottom:0
src/styles.css:2688		matched_in_runtime	/workouts/new,/workouts/10000000-0000-4000-8000-000000000003/edit		.workout-form-section-head .eyebrow	margin:0; color:var(--accent-strong); font-size:12px; font-weight:800; letter-spacing:.075em
src/styles.css:2689		matched_in_runtime	/workouts/new,/workouts/10000000-0000-4000-8000-000000000003/edit		.workout-form-section-head h2	margin:0; font-size:24px; line-height:1.12; letter-spacing:var(--tracking-tight)
src/styles.css:2690		matched_in_runtime	/workouts/new,/workouts/10000000-0000-4000-8000-000000000003/edit		.workout-form .field input, .workout-form .field select, .workout-form .field textarea	min-height:var(--control-height-standard); border-radius:var(--radius-md); background:var(--surface-sunken)
src/styles.css:2691		matched_in_runtime	/workouts/new,/workouts/10000000-0000-4000-8000-000000000003/edit		.workout-form .voice-input-button	border-radius:var(--radius-md); background:var(--surface-sunken)
src/styles.css:2692		matched_in_runtime	/workouts/new		.workout-record-mode	display:grid; grid-template-columns:1fr 1fr; gap:3px; padding:3px; border:1px solid var(--border); border-radius:var(--radius-md); background:var(--surface-sunken)
src/styles.css:2693		affects_computed_style	/workouts/new	padding-top,padding-bottom	.workout-record-mode button	min-height:var(--control-height-standard); padding:8px 10px; border:0; border-radius:var(--radius-sm); background:transparent; color:var(--muted); box-shadow:none; font-weight:700
src/styles.css:2694		matched_in_runtime	/workouts/new		.workout-record-mode button.active	background:var(--surface-raised); color:var(--fg); box-shadow:none
src/styles.css:2697		affects_computed_style	/workouts/new,/workouts/10000000-0000-4000-8000-000000000003/edit	padding-top,padding-bottom	.workout-end-time > .link, .workout-add-end-time	min-height:var(--control-height-standard); padding:6px 0; color:var(--accent-strong); font-size:14px; font-weight:700
src/styles.css:2699		matched_in_runtime	/workouts/new		.workout-add-end-time	justify-self:start; margin-top:-4px
src/styles.css:2700		affects_computed_style	/workouts/new,/workouts/10000000-0000-4000-8000-000000000003/edit	padding-top	.workout-notes	border-top:1px solid var(--border); padding-top:2px
src/styles.css:2701		matched_in_runtime	/workouts/new,/workouts/10000000-0000-4000-8000-000000000003/edit		.workout-notes summary	display:flex; align-items:center; justify-content:space-between; min-height:var(--control-height-standard); color:var(--fg); font-size:15px; font-weight:700
src/styles.css:2703		matched_in_runtime	/workouts/new,/workouts/10000000-0000-4000-8000-000000000003/edit		.workout-notes summary::after	margin-left:8px; color:var(--muted); font-size:18px; font-weight:400
src/styles.css:2705		matched_in_runtime	/workouts/new,/workouts/10000000-0000-4000-8000-000000000003/edit		.workout-notes summary span	margin-left:auto; color:var(--muted); font-size:13px; font-weight:500
src/styles.css:2706		affects_computed_style	/workouts/new,/workouts/10000000-0000-4000-8000-000000000003/edit	padding-top,padding-bottom	.workout-notes .voice-note-field	gap:8px; padding:4px 0 2px
src/styles.css:2708		matched_in_runtime	/workouts/new,/workouts/10000000-0000-4000-8000-000000000003/edit		.workout-notes .voice-input	margin-top:0
src/styles.css:2709		matched_in_runtime	/workouts/new,/workouts/10000000-0000-4000-8000-000000000003/edit		.workout-form-exercises	gap:var(--space-3); padding:0; border:0; border-radius:0; background:transparent; box-shadow:none
src/styles.css:2710		matched_in_runtime	/workouts/new,/workouts/10000000-0000-4000-8000-000000000003/edit		.workout-form-exercises .workout-form-section-head	gap:0; padding:0
src/styles.css:2711		matched_in_runtime	/workouts/new,/workouts/10000000-0000-4000-8000-000000000003/edit		.workout-form-exercises .workout-form-section-head h2	font-size:var(--type-title-size)
src/styles.css:2712		matched_in_runtime	/workouts/new,/workouts/10000000-0000-4000-8000-000000000003/edit		.workout-form-exercises .workout-form-exercise-heading h2	font-size:var(--type-section-size); font-weight:var(--weight-semibold)
src/styles.css:2713		matched_in_runtime	/workouts/new,/workouts/10000000-0000-4000-8000-000000000003/edit		.workout-form-exercises .workout-composer	margin:0
src/styles.css:2714		matched_in_runtime	/workouts/new,/workouts/10000000-0000-4000-8000-000000000003/edit		.workout-form .actions	margin:0; padding:0; background:transparent
src/styles.css:2715		matched_in_runtime	/workouts/new,/workouts/10000000-0000-4000-8000-000000000003/edit		.workout-form .actions button:last-child	min-height:var(--control-height-primary); border-radius:var(--radius-lg); font-size:var(--type-body-size); font-weight:800
src/styles.css:2716		matched_in_runtime	/workouts/new,/workouts/10000000-0000-4000-8000-000000000003/edit		.workout-form .workout-action-row	position:fixed; width:min(100%, 440px); display:grid; grid-template-columns:1fr; margin:0; padding:var(--space-3) 18px calc(var(--space-3) + env(safe-area-inset-bottom)); border:0; border-top:1px solid var(--border); background:var(--bar-bg); box-shadow:none; transform:translateX(-50%)
src/styles.css:2717		affects_computed_style	/workouts/new,/workouts/10000000-0000-4000-8000-000000000003/edit	background-color	.workout-form-shell, .workout-form-shell .content, .workout-form-page	background:var(--bg)
src/styles.css:2781		affects_computed_style	/workouts/new,/workouts/10000000-0000-4000-8000-000000000003/edit	padding-top,padding-bottom	.voice-input-button	display:inline-flex; align-items:center; justify-content:center; gap:8px; min-height:42px; padding:9px 13px; font-size:14px
src/styles.css:2811		matched_in_runtime	/me/edit		.client-profile-form	gap:16px; padding-bottom:8px
src/styles.css:2812		matched_in_runtime	/me/edit		.client-form-section	display:grid; gap:14px; padding:20px; border:1px solid var(--border); border-radius:22px; background:var(--surface-raised); box-shadow:none
src/styles.css:2813		matched_in_runtime	/me/edit		.client-form-section-head	display:grid; gap:5px; padding-bottom:2px
src/styles.css:2814		matched_in_runtime	/me/edit		.client-form-section-head .eyebrow	margin:0; color:var(--accent-strong); font-size:12px; font-weight:800; letter-spacing:.075em
src/styles.css:2815		matched_in_runtime	/me/edit		.client-form-section-head h2	margin:0; color:var(--fg-strong); font-size:24px; line-height:1.12; letter-spacing:var(--tracking-tight)
src/styles.css:2816		matched_in_runtime	/me/edit		.client-form-section-head p:last-child	margin:0; color:var(--muted); font-size:14px; line-height:1.4
src/styles.css:2818		matched_in_runtime	/me/edit		.client-profile-form .field > span, .client-profile-form .field > label	color:var(--muted); font-size:13px; font-weight:700
src/styles.css:2819		matched_in_runtime	/me/edit		.client-profile-form input, .client-profile-form select, .client-profile-form textarea	border-radius:14px; background:var(--surface-sunken)
src/styles.css:2823		matched_in_runtime	/me/edit		.client-profile-form .actions	position:static; margin:0; padding:2px 0 calc(12px + env(safe-area-inset-bottom)); background:transparent
src/styles.css:2824		matched_in_runtime	/me/edit		.client-profile-form .actions button:last-child	min-height:52px; border-radius:16px; font-size:17px; font-weight:800
src/styles.css:2827		matched_in_runtime	/me/achievements,/me/goal,/me/finance,/me/settings,/me/trainers,/join,/chat,/chat/10000000-0000-4000-8000-000000000004,/workouts/new,/workouts/10000000-0000-4000-8000-000000000003/edit,/workouts/10000000-0000-4000-8000-000000000003,/workouts/10000000-0000-4000-8000-000000000003/live,/workouts/10000000-0000-4000-8000-000000000003/history/fedb-barbell-squat		.theme-light .page-back	background:var(--surface-raised)
src/styles.css:2828		matched_in_runtime	/workouts/10000000-0000-4000-8000-000000000003/edit,/workouts/10000000-0000-4000-8000-000000000003		.theme-light .badge	color:var(--secondary-label-fg); background:var(--surface-sunken)
src/styles.css:2834		matched_in_runtime	/me/workouts,/me/progress,/me/profile,/me/settings		.client-workouts-page, .client-progress-page, .client-profile-page	padding:max(16px, calc(38px - env(safe-area-inset-top))) 20px 28px
src/styles.css:2835		matched_in_runtime	/me/workouts,/me/progress,/me/profile,/me/settings		.client-workouts-page .page-header, .client-progress-page .page-header, .client-profile-page .page-header	margin-bottom:20px
src/styles.css:2836		matched_in_runtime	/me/workouts,/me/progress,/me/profile,/me/settings		.client-workouts-page .page-header h1, .client-progress-page .page-header h1, .client-profile-page .page-header h1	font-size:var(--type-display-fluid)
src/styles.css:2837		matched_in_runtime	/me/workouts		.client-workouts-page .page-header .button	min-height:var(--control-height-standard); padding:var(--space-2) var(--space-3); border-radius:var(--radius-md)
src/styles.css:2838		matched_in_runtime	/me/workouts		.client-workouts-page .progress-view-tabs	margin-bottom:var(--section-gap)
src/styles.css:2842		matched_in_runtime	/me/workouts		.client-workout-section-head h2, .client-progress-section-head h2	font-size:var(--type-title-size); line-height:var(--leading-tight)
src/styles.css:2856		matched_in_runtime	/me/progress		.client-progress-card	margin:0; border-radius:var(--radius-lg)
src/styles.css:2870		matched_in_runtime	/me/settings		.client-profile-page .profile-settings, .client-profile-page .body-map-appearance-setting, .client-profile-page .menu	margin:0
src/styles.css:2872		matched_in_runtime	/me/profile		.client-profile-card	display:grid; gap:14px; margin:0; padding:16px; border-radius:20px
src/styles.css:2876		matched_in_runtime	/me/profile		.client-profile-edit	min-height:44px; margin:0; border-radius:14px
src/styles.css:2877		matched_in_runtime	/me/profile		.client-profile-page .client-home-connections	margin:0; padding:16px; border-radius:20px
src/styles.css:2946		affects_computed_style	/me,/me/workouts,/me/progress,/me/achievements,/me/goal,/me/finance,/me/profile,/me/settings,/me/trainers,/me/edit,/join,/chat,/chat/10000000-0000-4000-8000-000000000004,/assistant,/workouts/new,/workouts/10000000-0000-4000-8000-000000000003/edit,/workouts/10000000-0000-4000-8000-000000000003,/workouts/10000000-0000-4000-8000-000000000003/live,/workouts/10000000-0000-4000-8000-000000000003/history/fedb-barbell-squat	border-top-left-radius,border-top-right-radius	.phone-frame	width:100%; height:100%; min-height:0; margin:0; border:0; border-radius:0
src/styles.css:2949		matched_in_runtime	/me,/me/workouts,/me/progress,/me/achievements,/me/goal,/me/finance,/me/profile,/me/settings,/me/trainers,/me/edit,/join,/assistant,/workouts/10000000-0000-4000-8000-000000000003,/workouts/10000000-0000-4000-8000-000000000003/history/fedb-barbell-squat		.content:not(.content-immersive)	padding-bottom:0
src/styles.css:2950		matched_in_runtime	/me,/me/workouts,/me/progress,/me/achievements,/me/goal,/me/finance,/me/profile,/me/settings,/me/trainers,/me/edit,/join,/assistant,/workouts/10000000-0000-4000-8000-000000000003,/workouts/10000000-0000-4000-8000-000000000003/history/fedb-barbell-squat		.tab-bar	position:static; width:100%; border-width:1px 0 0; border-radius:0; box-shadow:none
src/styles.css:2954		matched_in_runtime	/me/progress		.measurement-actions	grid-template-columns:repeat(2,minmax(0,1fr))
src/styles.css:2956		affects_computed_style	/me/progress	padding-top	.measurement-story-management .measurement-actions	grid-template-columns:minmax(0,1.35fr) minmax(0,.65fr)
src/styles.css:2957		affects_computed_style	/me,/me/workouts,/me/progress,/me/achievements,/me/goal,/me/finance,/me/profile,/me/settings,/me/trainers,/me/edit,/join,/assistant,/workouts/10000000-0000-4000-8000-000000000003,/workouts/10000000-0000-4000-8000-000000000003/history/fedb-barbell-squat	text-decoration-line	.tab-bar a	font-size:11px
src/styles.css:2961		matched_in_runtime	/workouts/new,/workouts/10000000-0000-4000-8000-000000000003/edit,/workouts/10000000-0000-4000-8000-000000000003,/workouts/10000000-0000-4000-8000-000000000003/live		.workout-header-contract	display:flex; align-items:flex-start; justify-content:space-between; gap:var(--space-3); margin:0 0 var(--section-gap); padding:0 0 var(--space-4); border-bottom:1px solid var(--border)
src/styles.css:2963		matched_in_runtime	/workouts/new,/workouts/10000000-0000-4000-8000-000000000003/edit,/workouts/10000000-0000-4000-8000-000000000003,/workouts/10000000-0000-4000-8000-000000000003/live		.workout-header-eyebrow	margin:0; color:var(--accent-strong); font-size:var(--type-caption-size); font-weight:var(--weight-bold); letter-spacing:var(--tracking-label)
src/styles.css:2964		matched_in_runtime	/workouts/new,/workouts/10000000-0000-4000-8000-000000000003/edit,/workouts/10000000-0000-4000-8000-000000000003,/workouts/10000000-0000-4000-8000-000000000003/live		.workout-header-contract h2	margin:0; overflow-wrap:anywhere; color:var(--fg-strong); font-size:var(--type-title-size); line-height:var(--leading-tight); letter-spacing:var(--tracking-tight)
src/styles.css:2965		matched_in_runtime	/workouts/new,/workouts/10000000-0000-4000-8000-000000000003/edit,/workouts/10000000-0000-4000-8000-000000000003,/workouts/10000000-0000-4000-8000-000000000003/live		.workout-header-meta	display:flex; gap:2px var(--space-3); color:var(--muted); font-size:var(--type-caption-size); line-height:var(--leading-snug)
src/styles.css:2968		matched_in_runtime	/workouts/10000000-0000-4000-8000-000000000003/edit,/workouts/10000000-0000-4000-8000-000000000003		.workout-status	min-height:var(--chip-height); display:inline-flex; align-items:center; padding:0 var(--space-3); border:1px solid var(--border); border-radius:var(--radius-pill); background:var(--surface-sunken); color:var(--muted); font-size:var(--type-caption-size); font-weight:var(--weight-bold); line-height:1
src/styles.css:2978		matched_in_runtime	/workouts/new,/workouts/10000000-0000-4000-8000-000000000003/edit,/workouts/10000000-0000-4000-8000-000000000003		.workout-cta	min-height:var(--control-height-primary); border-radius:var(--radius-lg); font-size:var(--type-body-size); font-weight:var(--weight-bold)
src/styles.css:2979		matched_in_runtime	/workouts/new,/workouts/10000000-0000-4000-8000-000000000003/edit		.workout-cta:disabled	opacity:.5; box-shadow:none
src/styles.css:3032		matched_in_runtime	/workouts/new,/workouts/10000000-0000-4000-8000-000000000003/edit,/workouts/10000000-0000-4000-8000-000000000003,/workouts/10000000-0000-4000-8000-000000000003/live		.workout-header-contract	align-items:flex-start
src/styles.css:3034		matched_in_runtime	/workouts/10000000-0000-4000-8000-000000000003/edit,/workouts/10000000-0000-4000-8000-000000000003		.workout-status	min-height:28px; padding:0 var(--space-2)
src/styles.css:3055		matched_in_runtime	/workouts/10000000-0000-4000-8000-000000000003/live		.live-session-header	margin-bottom:var(--space-3)
src/styles.css:3397	auth-join-identity	matched_in_runtime	/join		.auth-join-identity	border-color:var(--frame-border); background:var(--bg); box-shadow:none
src/styles.css:3398	auth-join-identity	matched_in_runtime	/join		.auth-join-identity .content	background:var(--bg)
src/styles.css:3399	auth-join-identity	matched_in_runtime	/join		.auth-join-identity .join-page	padding:12px 16px 28px
src/styles.css:3400	auth-join-identity	affects_computed_style	/join	min-height	.auth-join-identity .join-page .page-header	min-height:44px; margin-bottom:12px
src/styles.css:3401	auth-join-identity	matched_in_runtime	/join		.auth-join-identity .join-page .page-header h1	font-size:24px; font-weight:600; line-height:1.12; letter-spacing:-.018em
src/styles.css:3402	auth-join-identity	matched_in_runtime	/join		.auth-join-identity .join-card	gap:18px; margin:0 auto; padding:18px; border-color:var(--border); border-radius:18px; background:var(--surface); box-shadow:none
src/styles.css:3412	auth-join-identity	static_only			.auth-join-identity .join-card-head	gap:6px
src/styles.css:3413	auth-join-identity	affects_computed_style	/join	font-size,font-weight	.auth-join-identity .join-card-head .eyebrow	color:var(--secondary-label-fg); font-size:12px; font-weight:500; letter-spacing:.06em
src/styles.css:3414	auth-join-identity	matched_in_runtime	/join		.auth-join-identity .join-card-head h2	color:var(--fg); font-size:18px; font-weight:600; line-height:1.2; letter-spacing:-.012em
src/styles.css:3415	auth-join-identity	affects_computed_style	/join	font-size	.auth-join-identity .join-card-head > p:last-child	color:var(--muted); font-size:14px; font-weight:400; line-height:1.45
src/styles.css:3416	auth-join-identity	affects_computed_style	/join	font-size	.auth-join-identity .join-form .field	color:var(--secondary-label-fg); font-size:12px; font-weight:500
src/styles.css:3417	auth-join-identity	matched_in_runtime	/join		.auth-join-identity .join-form input	min-height:48px; border-color:var(--border); border-radius:14px; background:var(--input); color:var(--fg); font-size:16px; font-weight:400
src/styles.css:3418	auth-join-identity	static_only			.auth-join-identity .join-reconnect	gap:8px; padding:14px; border-color:var(--border); border-radius:14px; background:var(--surface-sunken)
src/styles.css:3419	auth-join-identity	static_only			.auth-join-identity .join-reconnect strong	color:var(--fg); font-size:14px; font-weight:600
src/styles.css:3420	auth-join-identity	static_only			.auth-join-identity .join-reconnect p	color:var(--muted); font-size:12px; font-weight:400
src/styles.css:3421	auth-join-identity	static_only			.auth-join-identity .join-success	border-color:var(--border); background:var(--surface)
src/styles.css:3422	auth-join-identity	static_only			.auth-join-identity .join-success .eyebrow, .auth-join-identity .join-success h2	color:var(--success-fg)
src/styles.css:3424	auth-join-identity	affects_computed_style	/join	font-size	.auth-join-identity button, .auth-join-identity .button	min-height:48px; border-radius:14px; font-size:14px; font-weight:500
src/styles.css:3426	auth-join-identity	matched_in_runtime	/join		.auth-join-identity button.primary, .auth-join-identity .button.primary	border-color:var(--mono-primary); background:var(--mono-primary); color:var(--mono-on-primary); box-shadow:none
src/styles.css:3428	auth-join-identity	static_only			.auth-join-identity button.secondary, .auth-join-identity .button.secondary	border-color:var(--border); background:var(--surface-raised); color:var(--fg); box-shadow:none
src/styles.css:3430	auth-join-identity	static_only			.auth-join-identity button:disabled	opacity:1; border-color:var(--border); background:var(--surface-sunken); color:var(--secondary-label-fg); box-shadow:none
src/styles.css:3431	auth-join-identity	matched_in_runtime	/join		.auth-join-identity .tab-bar	width:min(100%,440px); padding:8px 8px calc(8px + env(safe-area-inset-bottom)); border:0; border-top:1px solid var(--border); border-radius:0; background:var(--bar-bg); box-shadow:none; transform:translateX(-50%)
src/styles.css:3444	auth-join-identity	matched_in_runtime	/join		.auth-join-identity .tab-bar a	min-height:48px; gap:3px; padding:5px 3px; border-radius:10px; color:var(--muted); font-size:12px; font-weight:500; background:transparent
src/styles.css:3445	auth-join-identity	static_only			.auth-join-identity .tab-bar a svg	width:20px; height:20px; opacity:1; transform:none
src/styles.css:3446	auth-join-identity	static_only			.auth-join-identity .tab-bar a.active	background:transparent; color:var(--fg); font-weight:500
src/styles.css:3447	auth-join-identity	static_only			.auth-join-identity .tab-bar a.active svg	transform:none
src/styles.css:3452	auth-join-identity	matched_in_runtime	/join		.auth-join-identity .tab-bar	position:static; width:100%; transform:none
src/styles.css:3455	client-home-identity	matched_in_runtime	/me		.client-home-identity	border-color:var(--frame-border); background:var(--bg); box-shadow:none
src/styles.css:3456	client-home-identity	matched_in_runtime	/me		.client-home-identity .content	padding-bottom:calc(82px + env(safe-area-inset-bottom)); background:var(--bg)
src/styles.css:3457	client-home-identity	affects_computed_style	/me	padding-bottom	.client-home-identity .page	padding:12px 16px 28px
src/styles.css:3458	client-home-identity	affects_computed_style	/me	padding-top	.client-home-identity .today-start-page	padding-top:max(12px, calc(24px - env(safe-area-inset-top)))
src/styles.css:3459	client-home-identity	affects_computed_style	/me	min-height	.client-home-identity .today-start-page .page-header	min-height:44px; margin-bottom:12px
src/styles.css:3460	client-home-identity	matched_in_runtime	/me		.client-home-identity .today-start-page .page-header h1	font-size:24px; font-weight:600; line-height:1.12; letter-spacing:-.018em
src/styles.css:3461	client-home-identity	affects_computed_style	/me	border-top-left-radius,border-top-right-radius,background-color,color,font-size,font-weight	.client-home-identity .today-profile-avatar	width:44px; height:44px; border-color:var(--border); border-radius:14px; background:var(--surface-raised); color:var(--fg); font-size:14px; font-weight:600
src/styles.css:3462	client-home-identity	static_only			.client-home-identity .today-profile-avatar:focus-visible	outline:2px solid var(--fg); outline-offset:2px
src/styles.css:3463	client-home-identity	static_only			.client-home-identity .today-composer, .client-home-identity .today-voice-home	gap:12px
src/styles.css:3464	client-home-identity	affects_computed_style		min-height	.client-home-identity .today-voice-home	min-height:0
src/styles.css:3465	client-home-identity	affects_computed_style	/me	color,font-size	.client-home-identity .today-greeting	margin:0 0 2px; color:var(--muted); font-size:14px; font-weight:400; line-height:1.4
src/styles.css:3466	client-home-identity	static_only			.client-home-identity .client-home-overview	gap:12px
src/styles.css:3468	client-home-identity	matched_in_runtime	/me		.client-home-identity .voice-action	grid-template-columns:minmax(0,1fr) auto; grid-template-areas:"copy button" "label button"; align-content:center; align-items:center; justify-items:stretch; gap:6px 16px; min-height:112px; padding:16px 18px; border:0; border-radius:18px; background:var(--mono-primary); color:var(--mono-on-primary)
src/styles.css:3484	client-home-identity	affects_computed_style		min-height	.client-home-identity .voice-action-copy	grid-area:copy; min-height:0; justify-items:start; gap:5px
src/styles.css:3485	client-home-identity	matched_in_runtime	/me		.client-home-identity .voice-action-copy h2	color:var(--mono-on-primary); font-size:18px; font-weight:600; line-height:1.2; letter-spacing:-.012em
src/styles.css:3486	client-home-identity	affects_computed_style	/me	font-size	.client-home-identity .voice-action-guidance, .client-home-identity .voice-action-transcript	color:var(--mono-on-primary); font-size:12px; font-weight:400; line-height:1.35; opacity:.76
src/styles.css:3487	client-home-identity	static_only			.client-home-identity .voice-action-buttons	grid-area:button; display:flex; align-items:center; gap:10px
src/styles.css:3488	client-home-identity	matched_in_runtime	/me		.client-home-identity .voice-action-button	grid-area:button; align-self:center; justify-self:end; width:48px; height:48px; border:0; border-radius:14px; background:var(--mono-on-primary); color:var(--mono-primary); box-shadow:none
src/styles.css:3489	client-home-identity	static_only			.client-home-identity .voice-action-button::before	display:none
src/styles.css:3490	client-home-identity	static_only			.client-home-identity .voice-action-button svg	width:23px; height:23px
src/styles.css:3491	client-home-identity	static_only			.client-home-identity .voice-action-button:focus-visible	outline:2px solid var(--mono-on-primary); outline-offset:3px
src/styles.css:3492	client-home-identity	static_only			.client-home-identity .voice-action-label	grid-area:label; justify-items:start; gap:0
src/styles.css:3493	client-home-identity	affects_computed_style	/me	color,font-size	.client-home-identity .voice-action-label strong, .client-home-identity .voice-action-label span	color:var(--mono-on-primary); font-size:14px; font-weight:500; line-height:1.3
src/styles.css:3494	client-home-identity	matched_in_runtime	/me		.client-home-identity .voice-action-ring	border:0
src/styles.css:3495	client-home-identity	static_only			.client-home-identity .voice-action-hitarea:focus-visible	outline:2px solid var(--mono-on-primary); outline-offset:-3px
src/styles.css:3496	client-home-identity	static_only			.client-home-identity .voice-action:has(.voice-action-hitarea:active)	transform:scale(.995)
src/styles.css:3497	client-home-identity	static_only			.client-home-identity .today-voice-hero-compact .voice-action	min-height:0
src/styles.css:3498	client-home-identity	affects_computed_style	/me	padding-top,padding-bottom	.client-home-identity .today-voice-text-inline	position:relative; width:48px; height:48px; display:grid; padding:0; border:0; border-radius:14px; background:var(--mono-on-primary); color:var(--mono-primary); box-shadow:none
src/styles.css:3499	client-home-identity	static_only			.client-home-identity .today-voice-text-inline svg	width:23px; height:23px
src/styles.css:3500	client-home-identity	static_only			.client-home-identity .voice-action-recording-controls	grid-area:controls; width:100%; grid-template-columns:minmax(0,1fr) auto; align-items:center; margin-top:10px
src/styles.css:3501	client-home-identity	static_only			.client-home-identity .voice-action-recording-controls .wide	min-height:48px; border:1px solid var(--mono-on-primary); border-radius:14px; background:var(--mono-on-primary); color:var(--mono-primary); font-size:14px; font-weight:500
src/styles.css:3502	client-home-identity	static_only			.client-home-identity .voice-action-recording-controls .link	min-height:44px; color:var(--mono-on-primary); font-size:14px; font-weight:500
src/styles.css:3503	client-home-identity	static_only			.client-home-identity .voice-action-error	grid-area:error; margin-top:10px; border-color:var(--mono-on-primary); background:transparent; color:var(--mono-on-primary); font-size:12px
src/styles.css:3505	client-home-identity	static_only			.client-home-identity .today-text-toggle	justify-self:stretch; min-height:48px; padding:0 16px; border:1px solid var(--border); border-radius:14px; background:transparent; color:var(--fg); font-size:14px; font-weight:500
src/styles.css:3506	client-home-identity	affects_computed_style	/me	border-top-left-radius,border-top-right-radius	.client-home-identity button, .client-home-identity .button	min-height:48px; border-radius:14px; font-size:14px; font-weight:500
src/styles.css:3507	client-home-identity	static_only			.client-home-identity button.primary, .client-home-identity .button.primary	border-color:var(--mono-primary); background:var(--mono-primary); color:var(--mono-on-primary); box-shadow:none
src/styles.css:3508	client-home-identity	matched_in_runtime	/me		.client-home-identity button.secondary, .client-home-identity .button.secondary	border-color:var(--border); background:var(--surface-raised); color:var(--fg); box-shadow:none
src/styles.css:3509	client-home-identity	static_only			.client-home-identity button:disabled, .client-home-identity .button[aria-disabled="true"]	opacity:1; border-color:var(--border); background:var(--surface-sunken); color:var(--secondary-label-fg); box-shadow:none
src/styles.css:3510	client-home-identity	affects_computed_style	/me	color	.client-home-identity .link	color:var(--fg); font-size:14px; font-weight:500
src/styles.css:3511	client-home-identity	static_only			.client-home-identity input, .client-home-identity textarea, .client-home-identity select	min-height:48px; border-color:var(--border); border-radius:14px; background:var(--input); color:var(--fg); font-size:16px; font-weight:400
src/styles.css:3513	client-home-identity	static_only			.client-home-identity .first-run	gap:16px
src/styles.css:3514	client-home-identity	static_only			.client-home-identity .first-run-client	padding:0
src/styles.css:3515	client-home-identity	static_only			.client-home-identity .first-run-copy	gap:6px
src/styles.css:3516	client-home-identity	affects_computed_style	/me	color,font-size,font-weight	.client-home-identity .first-run-copy .eyebrow, .client-home-identity .client-home-next .eyebrow, .client-home-identity .client-home-past-plan .eyebrow, .client-home-identity .client-home-week .eyebrow, .client-home-identity .client-home-highlight .eyebrow, .client-home-identity .app-install-card .eyebrow	color:var(--muted); font-size:12px; font-weight:500; line-height:1.3; letter-spacing:.06em
src/styles.css:3522	client-home-identity	static_only			.client-home-identity .first-run-copy h2	font-size:24px; font-weight:600; line-height:1.12; letter-spacing:-.018em
src/styles.css:3523	client-home-identity	static_only			.client-home-identity .first-run-copy > p:last-child	color:var(--muted); font-size:14px; font-weight:400; line-height:1.45
src/styles.css:3524	client-home-identity	static_only			.client-home-identity .first-run-benefits	gap:10px; padding:16px; border:0; border-radius:18px; background:var(--surface-raised)
src/styles.css:3525	client-home-identity	static_only			.client-home-identity .first-run-benefits > strong	font-size:16px; font-weight:600
src/styles.css:3526	client-home-identity	static_only			.client-home-identity .first-run-benefits ul	display:grid; gap:8px; color:var(--secondary-label-fg)
src/styles.css:3527	client-home-identity	static_only			.client-home-identity .first-run-benefits li	font-size:14px; font-weight:400
src/styles.css:3528	client-home-identity	static_only			.client-home-identity .first-run-benefits li::before	color:var(--success-fg); font-weight:600
src/styles.css:3529	client-home-identity	static_only			.client-home-identity .first-run-connection	gap:12px; padding:16px 0 0; border-top:1px solid var(--border)
src/styles.css:3530	client-home-identity	static_only			.client-home-identity .first-run-connection strong	font-size:14px; font-weight:600
src/styles.css:3531	client-home-identity	static_only			.client-home-identity .first-run-connection small	color:var(--muted); font-size:12px; font-weight:500
src/styles.css:3532	client-home-identity	static_only			.client-home-identity .first-run-connection .button	min-height:48px; border-radius:14px; font-size:14px
src/styles.css:3534	client-home-identity	affects_computed_style	/me	padding-top,padding-bottom,background-color	.client-home-identity .client-home-next, .client-home-identity .client-home-past-plan, .client-home-identity .client-home-week, .client-home-identity .client-home-highlight, .client-home-identity .client-home-self-training.compact, .client-home-identity .client-home-error, .client-home-identity .app-install-card.compact	padding:18px; border:1px solid var(--border); border-radius:18px; background:var(--surface-raised); box-shadow:none
src/styles.css:3541	client-home-identity	static_only			.client-home-identity .client-home-next	gap:8px
src/styles.css:3542	client-home-identity	static_only			.client-home-identity .client-home-next.assigned, .client-home-identity .client-home-next.active	border-color:var(--border); background:var(--surface-raised)
src/styles.css:3543	client-home-identity	static_only			.client-home-identity .client-home-next.active .eyebrow	color:var(--success-fg)
src/styles.css:3544	client-home-identity	affects_computed_style	/me	font-weight	.client-home-identity .client-home-next h2, .client-home-identity .client-home-week h2, .client-home-identity .client-home-highlight h2, .client-home-identity .client-home-self-training h2	font-size:16px; font-weight:600; line-height:1.25; letter-spacing:-.01em
src/styles.css:3548	client-home-identity	static_only			.client-home-identity .client-home-next-time, .client-home-identity .client-home-next-exercises, .client-home-identity .client-home-week > p	color:var(--secondary-label-fg); font-size:14px; font-weight:400; line-height:1.4
src/styles.css:3549	client-home-identity	static_only			.client-home-identity .client-home-next .button	min-height:48px; margin-top:8px; border-radius:14px
src/styles.css:3550	client-home-identity	static_only			.client-home-identity .client-home-next .button.primary	border-color:var(--border); background:var(--surface-sunken); color:var(--fg)
src/styles.css:3551	client-home-identity	static_only			.client-home-identity .client-home-next.compact	padding:16px 18px
src/styles.css:3552	client-home-identity	matched_in_runtime	/me		.client-home-identity .client-home-next.compact h2, .client-home-identity .client-home-highlight h2	font-size:16px
src/styles.css:3553	client-home-identity	affects_computed_style	/me	font-weight	.client-home-identity .client-home-next-link small, .client-home-identity .client-home-next-link strong, .client-home-identity .client-home-past-plan small, .client-home-identity .client-home-highlight small	color:var(--secondary-label-fg); font-size:12px; font-weight:500; line-height:1.4
src/styles.css:3557	client-home-identity	matched_in_runtime	/me		.client-home-identity .client-home-next-link > svg, .client-home-identity .client-home-highlight > a > svg	color:var(--muted)
src/styles.css:3558	client-home-identity	static_only			.client-home-identity .client-home-past-plan	gap:8px
src/styles.css:3559	client-home-identity	affects_computed_style	/me	font-weight	.client-home-identity .client-home-past-plan h2	color:var(--fg); font-size:14px; font-weight:600
src/styles.css:3560	client-home-identity	affects_computed_style	/me	color	.client-home-identity .client-home-past-plan b	color:var(--fg); font-size:12px; font-weight:500
src/styles.css:3561	client-home-identity	static_only			.client-home-identity .client-home-section-head > a	min-height:44px; display:inline-flex; align-items:center; gap:3px; padding:0; color:var(--fg); font-size:12px; font-weight:500
src/styles.css:3562	client-home-identity	static_only			.client-home-identity .client-home-section-head > a svg	width:16px; height:16px
src/styles.css:3563	client-home-identity	static_only			.client-home-identity .client-home-highlight.record	border-color:var(--border)
src/styles.css:3564	client-home-identity	static_only			.client-home-identity .client-home-highlight.record .eyebrow	color:var(--success-fg)
src/styles.css:3565	client-home-identity	static_only			.client-home-identity .client-home-loading	color:var(--secondary-label-fg); font-size:14px
src/styles.css:3566	client-home-identity	static_only			.client-home-identity .client-home-error	border-color:var(--border)
src/styles.css:3567	client-home-identity	static_only			.client-home-identity .client-home-error p	color:var(--danger); font-size:14px
src/styles.css:3568	client-home-identity	static_only			.client-home-identity .client-home-error button	min-height:44px
src/styles.css:3576	client-home-identity	static_only			.client-home-identity .trainer-discovery-home-actions .link	min-height:44px; padding:0 8px; font-size:13px
src/styles.css:3580	client-home-identity	static_only			.client-home-identity .today-text-fallback	gap:12px; padding-top:2px
src/styles.css:3581	client-home-identity	static_only			.client-home-identity .today-text-fallback-head strong	font-size:18px; font-weight:600
src/styles.css:3582	client-home-identity	static_only			.client-home-identity .today-text-fallback-head small	color:var(--muted); font-size:12px; font-weight:500
src/styles.css:3583	client-home-identity	static_only			.client-home-identity .today-composer .workout-composer-card	padding:16px; border-color:var(--border); border-radius:18px; background:var(--surface-raised); box-shadow:none
src/styles.css:3584	client-home-identity	static_only			.client-home-identity .today-composer .workout-composer-card .voice-note-field > label	font-size:14px; font-weight:500
src/styles.css:3585	client-home-identity	static_only			.client-home-identity .today-composer .workout-composer-card .voice-note-field textarea	min-height:144px; padding:12px; border:1px solid var(--border); background:var(--surface-sunken); font-size:16px; font-weight:400
src/styles.css:3586	client-home-identity	static_only			.client-home-identity .today-composer .workout-composer-card .voice-input-button	color:var(--fg); font-size:14px; font-weight:500
src/styles.css:3587	client-home-identity	static_only			.client-home-identity .today-primary-cta	min-height:48px; border-radius:14px; background:var(--mono-primary); color:var(--mono-on-primary); font-size:14px; font-weight:500
src/styles.css:3588	client-home-identity	static_only			.client-home-identity .today-picker-cta	min-height:48px; border:0; background:transparent; color:var(--fg); font-size:14px; font-weight:500
src/styles.css:3589	client-home-identity	static_only			.client-home-identity .today-parse-preview, .client-home-identity .today-empty	border-color:var(--border); border-radius:14px; background:var(--surface-raised)
src/styles.css:3590	client-home-identity	static_only			.client-home-identity .today-resume	border-color:var(--border); border-radius:18px; background:var(--surface-raised)
src/styles.css:3592	client-home-identity	matched_in_runtime	/me		.client-home-identity .app-install-card.compact	gap:12px; margin:0
src/styles.css:3593	client-home-identity	affects_computed_style	/me	font-weight	.client-home-identity .app-install-card h2	font-size:16px; font-weight:600
src/styles.css:3594	client-home-identity	affects_computed_style	/me	font-weight	.client-home-identity .app-install-card.compact > div:first-child > p:last-child, .client-home-identity .app-install-copy	color:var(--secondary-label-fg); font-size:12px; font-weight:500
src/styles.css:3595	client-home-identity	static_only			.client-home-identity .app-install-actions	gap:12px
src/styles.css:3597	client-home-identity	matched_in_runtime	/me		.client-home-identity .tab-bar	width:min(100%, 440px); padding:8px 8px calc(8px + env(safe-area-inset-bottom)); border:0; border-top:1px solid var(--border); border-radius:0; background:var(--bar-bg); box-shadow:none; transform:translateX(-50%)
src/styles.css:3610	client-home-identity	matched_in_runtime	/me		.client-home-identity .tab-bar a	min-height:48px; gap:3px; padding:5px 3px; border-radius:10px; color:var(--muted); font-size:12px; font-weight:500
src/styles.css:3611	client-home-identity	static_only			.client-home-identity .tab-bar a svg	width:20px; height:20px; opacity:1; transform:none
src/styles.css:3612	client-home-identity	matched_in_runtime	/me		.client-home-identity .tab-bar a.active	background:transparent; color:var(--fg); font-weight:500
src/styles.css:3613	client-home-identity	static_only			.client-home-identity .tab-bar a.active svg	transform:none
src/styles.css:3616	client-home-identity	matched_in_runtime	/me		.client-home-identity .content	padding-bottom:0
src/styles.css:3617	client-home-identity	matched_in_runtime	/me		.client-home-identity .tab-bar	position:static; width:100%; transform:none
src/styles.css:3621	client-home-identity	affects_computed_style	/me	padding-bottom	.client-home-identity .page	padding-inline:14px
src/styles.css:3622	client-home-identity	static_only			.client-home-identity .first-run-copy h2	font-size:18px
src/styles.css:3623	client-home-identity	matched_in_runtime	/me		.client-home-identity .voice-action	min-height:108px; padding:16px
src/styles.css:3632	live-identity	matched_in_runtime	/workouts/10000000-0000-4000-8000-000000000003/live		.live-identity	border-color:var(--frame-border); background:var(--bg); box-shadow:none
src/styles.css:3633	live-identity	matched_in_runtime	/workouts/10000000-0000-4000-8000-000000000003/live		.live-identity .content	background:var(--bg)
src/styles.css:3634	live-identity	affects_computed_style	/workouts/10000000-0000-4000-8000-000000000003/live	padding-bottom	.live-identity .live-workout-page	padding:12px 16px 28px
src/styles.css:3635	live-identity	affects_computed_style	/workouts/10000000-0000-4000-8000-000000000003/live	min-height	.live-identity .live-workout-page > .page-header	min-height:44px; margin-bottom:8px
src/styles.css:3636	live-identity	matched_in_runtime	/workouts/10000000-0000-4000-8000-000000000003/live		.live-identity .page-back	width:44px; height:44px; border:1px solid var(--border); border-radius:14px; background:transparent; color:var(--fg); box-shadow:none
src/styles.css:3637	live-identity	static_only			.live-identity .page-back:focus-visible	outline:2px solid var(--fg); outline-offset:2px
src/styles.css:3639	live-identity	affects_computed_style	/workouts/10000000-0000-4000-8000-000000000003/live	padding-bottom	.live-identity .live-session-header	display:grid; grid-template-columns:minmax(0,1fr) auto; gap:12px; margin:0 0 12px; padding:0 0 16px; border-bottom:1px solid var(--border)
src/styles.css:3647	live-identity	static_only			.live-identity .live-session-header .workout-header-copy	gap:5px
src/styles.css:3648	live-identity	affects_computed_style	/workouts/10000000-0000-4000-8000-000000000003/live	color,font-weight	.live-identity .live-session-header .workout-header-eyebrow	color:var(--danger); font-size:12px; font-weight:500; letter-spacing:.06em
src/styles.css:3649	live-identity	affects_computed_style	/workouts/10000000-0000-4000-8000-000000000003/live	font-size,font-weight	.live-identity .live-session-header h2	color:var(--fg); font-size:24px; font-weight:600; line-height:1.12; letter-spacing:-.018em
src/styles.css:3650	live-identity	static_only			.live-identity .live-session-header .workout-header-side	align-self:start
src/styles.css:3651	live-identity	static_only			.live-identity .live-session-header .workout-status	min-height:32px; padding:0 10px; border-color:var(--warning-border); border-radius:10px; background:var(--warning-surface); color:var(--warning-fg); font-size:12px; font-weight:500
src/styles.css:3652	live-identity	static_only			.live-identity .live-session-progress	gap:7px; margin-top:3px
src/styles.css:3653	live-identity	static_only			.live-identity .live-session-progress-copy	gap:3px 10px; color:var(--muted); font-size:12px; font-weight:500; line-height:1.35
src/styles.css:3654	live-identity	static_only			.live-identity .live-session-progress-copy strong	color:var(--secondary-label-fg); font-weight:500
src/styles.css:3655	live-identity	static_only			.live-identity .live-session-progress-track	height:4px; border-radius:10px; background:var(--surface-sunken)
src/styles.css:3656	live-identity	static_only			.live-identity .live-session-progress-track > span	border-radius:10px; background:var(--mono-primary)
src/styles.css:3658	live-identity	affects_computed_style	/workouts/10000000-0000-4000-8000-000000000003/live	padding-top,padding-bottom	.live-identity .live-pinned	gap:8px; margin:0 0 12px; padding:6px 0 10px; background:var(--bg)
src/styles.css:3659	live-identity	matched_in_runtime	/workouts/10000000-0000-4000-8000-000000000003/live		.live-identity .live-timer	width:100%; min-height:72px; justify-content:center; gap:10px; padding:0 18px; border:0; border-radius:18px; background:var(--surface-raised); color:var(--fg); font-size:30px; font-weight:600; line-height:1; letter-spacing:-.018em; box-shadow:none
src/styles.css:3660	live-identity	matched_in_runtime	/workouts/10000000-0000-4000-8000-000000000003/live		.live-identity .live-timer .live-dot-mark	width:8px; height:8px; background:var(--muted)
src/styles.css:3661	live-identity	static_only			.live-identity .live-timer.resting	border:1px solid var(--warning-border); background:var(--warning-surface); color:var(--warning-fg)
src/styles.css:3662	live-identity	static_only			.live-identity .live-timer.resting .live-dot-mark	background:var(--warning); box-shadow:none
src/styles.css:3663	live-identity	static_only			.live-identity .rest-timer	padding:12px 14px; border:1px solid var(--warning-border); border-radius:14px; background:var(--warning-surface); color:var(--warning-fg)
src/styles.css:3664	live-identity	static_only			.live-identity .rest-timer strong	font-size:16px; font-weight:600; font-variant-numeric:tabular-nums
src/styles.css:3665	live-identity	static_only			.live-identity .rest-step	min-height:48px; border-color:var(--warning-border); border-radius:14px; background:transparent; color:var(--fg); font-size:14px; font-weight:500
src/styles.css:3666	live-identity	static_only			.live-identity .rest-controls .link	min-height:48px; color:var(--warning-fg); font-size:14px; font-weight:500
src/styles.css:3667	live-identity	static_only			.live-identity .circuit-head.pinned	padding:12px 14px; border-color:var(--border); border-radius:14px; background:var(--surface-raised)
src/styles.css:3668	live-identity	static_only			.live-identity .block-badge, .live-identity .circuit-counter	font-size:12px; font-weight:500
src/styles.css:3669	live-identity	static_only			.live-identity .block-badge	border-color:var(--border); border-radius:10px; background:var(--surface-sunken); color:var(--secondary-label-fg)
src/styles.css:3670	live-identity	static_only			.live-identity .circuit-counter	color:var(--fg)
src/styles.css:3671	live-identity	static_only			.live-identity .circuit-dot	border-color:var(--border); background:var(--surface-sunken)
src/styles.css:3672	live-identity	static_only			.live-identity .circuit-dot.current	border-color:var(--warning); background:var(--warning)
src/styles.css:3673	live-identity	static_only			.live-identity .circuit-dot.done	border-color:var(--success); background:var(--success)
src/styles.css:3675	live-identity	static_only			.live-identity .live-reorder-mode	margin:0 0 12px; padding:10px 12px; border-color:var(--border); border-radius:14px; background:var(--surface-raised); color:var(--fg); font-size:14px; font-weight:500
src/styles.css:3676	live-identity	static_only			.live-identity .live-reorder-mode .secondary	min-height:44px; border-radius:14px
src/styles.css:3677	live-identity	static_only			.live-identity .workout-exercise-contract	box-shadow:none
src/styles.css:3678	live-identity	static_only			.live-identity .live-exercise.current	margin:0 0 12px; padding:0; border:0; border-radius:0; background:transparent; box-shadow:none
src/styles.css:3679	live-identity	static_only			.live-identity .live-exercise-head	gap:10px
src/styles.css:3680	live-identity	static_only			.live-identity .live-exercise-head h2, .live-identity .live-exercise-head h3	color:var(--fg); font-size:18px; font-weight:600; line-height:1.2; letter-spacing:-.012em
src/styles.css:3681	live-identity	static_only			.live-identity .overflow-trigger	width:44px; height:44px; border-color:var(--border); border-radius:14px; background:transparent; color:var(--fg)
src/styles.css:3682	live-identity	static_only			.live-identity .overflow-list	padding:6px; border-color:var(--border); border-radius:14px; background:var(--surface-elevated); box-shadow:none
src/styles.css:3683	live-identity	static_only			.live-identity .overflow-item	min-height:48px; border-radius:10px; font-size:14px; font-weight:500
src/styles.css:3684	live-identity	static_only			.live-identity .live-previous-result	margin:4px 0 0; color:var(--secondary-label-fg); font-size:12px; font-weight:500
src/styles.css:3685	live-identity	static_only			.live-identity .workout-set-table	position:relative; margin-top:8px; border-top:0
src/styles.css:3686	live-identity	static_only			.live-identity .workout-set-table-head	min-height:28px; color:var(--secondary-label-fg); font-size:12px; font-weight:500; letter-spacing:.06em
src/styles.css:3687	live-identity	static_only			.live-identity .live-set-table > .live-set, .live-identity .circuit-round .live-set	padding:0
src/styles.css:3688	live-identity	static_only			.live-identity .live-set-table > .live-set + .live-set, .live-identity .circuit-round .live-set + .live-set	margin-top:8px; border:0
src/styles.css:3689	live-identity	static_only			.live-identity .live-set-grid	position:static; min-height:48px; gap:0; padding:0; overflow:hidden; border:1px solid var(--border); border-radius:12px; background:var(--surface-sunken)
src/styles.css:3690	live-identity	static_only			.live-identity .live-set-grid, .live-identity .live-set-table-head	grid-template-columns:28px minmax(0,1fr) minmax(0,1fr) 52px
src/styles.css:3691	live-identity	static_only			.live-identity .live-set.rpe-visible .live-set-grid, .live-identity .live-set-table-head.rpe-visible	grid-template-columns:24px minmax(0,1fr) minmax(0,1fr) 44px 52px
src/styles.css:3692	live-identity	static_only			.live-identity .live-set-grid > :not(:first-child)	border-left:1px solid var(--border)
src/styles.css:3693	live-identity	static_only			.live-identity .workout-duration-trigger.live-set-input	overflow:hidden
src/styles.css:3694	live-identity	static_only			.live-identity .live-set-number	color:var(--muted); font-size:12px; font-weight:500
src/styles.css:3695	live-identity	static_only			.live-identity .live-set-input, .live-identity .live-set-rpe	min-height:48px; padding:4px 5px; border:0; border-radius:0; background:transparent; color:var(--fg); font-size:16px; font-weight:400
src/styles.css:3696	live-identity	static_only			.live-identity .live-set-input:focus, .live-identity .live-set-rpe:focus	border:0; outline:0; box-shadow:inset 0 0 0 2px var(--fg)
src/styles.css:3697	live-identity	static_only			.live-identity .live-set-input.plan-hint	color:var(--secondary-label-fg); font-weight:400
src/styles.css:3698	live-identity	static_only			.live-identity .live-set-confirm	min-height:48px
src/styles.css:3699	live-identity	static_only			.live-identity .live-set-check, .live-identity .live-set-save, .live-identity .live-set-expanded .live-set-check, .live-identity .live-set-expanded .live-set-save	width:100%; min-height:48px; display:flex; align-items:center; justify-content:center; padding:0; border:0; border-radius:0; background:var(--mono-primary); color:var(--mono-on-primary); font-size:18px; font-weight:500; line-height:1; box-shadow:none
src/styles.css:3700	live-identity	static_only			.live-identity .live-set.editing > .live-set-grid	border-color:var(--border-strong); box-shadow:inset 0 0 0 1px var(--border-strong)
src/styles.css:3701	live-identity	static_only			.live-identity .live-set.editing .live-set-save	background:transparent; color:var(--fg)
src/styles.css:3702	live-identity	static_only			.live-identity .live-set-check.done	border-color:var(--border); background:var(--surface-sunken); color:var(--success-fg)
src/styles.css:3703	live-identity	static_only			.live-identity .live-set.confirmed > .live-set-grid	gap:0; min-height:48px; padding:0; overflow:hidden; border-radius:12px; background:color-mix(in srgb, var(--success) 18%, var(--surface-raised)); box-shadow:inset 0 0 0 1px color-mix(in srgb, var(--success) 42%, var(--border))
src/styles.css:3712	live-identity	static_only			.live-identity .live-set.confirmed > .live-set-grid > :not(:first-child)	border-left:1px solid color-mix(in srgb, var(--success) 30%, var(--border))
src/styles.css:3713	live-identity	static_only			.live-identity .live-set.confirmed .live-set-number, .live-identity .live-set.confirmed .live-set-confirm	min-height:48px
src/styles.css:3715	live-identity	static_only			.live-identity .live-set.confirmed .live-set-number	color:var(--success-fg)
src/styles.css:3716	live-identity	static_only			.live-identity .live-set.confirmed .live-set-input, .live-identity .live-set.confirmed .live-set-rpe, .live-identity .live-set.confirmed .live-set-check.done	min-height:48px; border:0; border-radius:0; background:transparent; color:var(--fg)
src/styles.css:3725	live-identity	static_only			.live-identity .live-set.confirmed .live-set-check.done	width:100%; color:var(--success-fg)
src/styles.css:3726	live-identity	static_only			.live-identity .live-set-save-feedback .save-status	position:absolute; min-height:24px; padding:0 2px; background:var(--bg)
src/styles.css:3727	live-identity	static_only			.live-identity .live-set.invalid > .live-set-grid	border-color:var(--danger); box-shadow:inset 0 0 0 1px var(--danger)
src/styles.css:3728	live-identity	static_only			.live-identity .live-set-validation	margin:5px 0 0; color:var(--danger); font-size:12px; font-weight:500; line-height:1.3
src/styles.css:3729	live-identity	static_only			.live-identity .live-set-compact	grid-template-columns:24px minmax(0,1fr) 52px; min-height:56px; border-color:var(--border)
src/styles.css:3730	live-identity	static_only			.live-identity .live-set-compact-values strong	color:var(--fg); font-size:14px; font-weight:500
src/styles.css:3731	live-identity	static_only			.live-identity .live-set-compact-values small	color:var(--secondary-label-fg); font-size:12px; font-weight:500
src/styles.css:3732	live-identity	static_only			.live-identity .live-set-fill-action	border-radius:10px; color:var(--fg)
src/styles.css:3733	live-identity	static_only			.live-identity .live-set-fill-label	font-size:14px; font-weight:500
src/styles.css:3734	live-identity	static_only			.live-identity .live-set-compact-action	min-height:44px; border-radius:10px; background:var(--surface-sunken); color:var(--fg); font-size:12px; font-weight:500
src/styles.css:3735	live-identity	static_only			.live-identity .live-set-compact.confirmed .live-set-compact-action	color:var(--success-fg)
src/styles.css:3736	live-identity	static_only			.live-identity .live-add-set	min-height:44px; color:var(--fg); font-size:14px; font-weight:500
src/styles.css:3737	live-identity	static_only			.live-identity .live-exercise-note	margin-top:2px; padding-top:0; border-top:0
src/styles.css:3738	live-identity	static_only			.live-identity .live-exercise-note summary	min-height:44px; color:var(--fg); font-size:14px; font-weight:500
src/styles.css:3739	live-identity	static_only			.live-identity .live-exercise-note summary span	color:var(--secondary-label-fg); font-weight:400
src/styles.css:3740	live-identity	static_only			.live-identity .exercise-comment	min-height:96px; border-color:var(--border); border-radius:14px; background:var(--surface-sunken); color:var(--fg); font-size:16px; font-weight:400
src/styles.css:3742	live-identity	static_only			.live-identity .live-exercise-upcoming	margin:12px 0; padding:16px 18px; border-color:var(--border); border-radius:18px; background:transparent; opacity:1
src/styles.css:3743	live-identity	static_only			.live-identity .live-exercise-upcoming.started	border-color:var(--warning-border); background:var(--warning-surface)
src/styles.css:3744	live-identity	static_only			.live-identity .live-exercise-upcoming .live-exercise-head h2	font-size:16px
src/styles.css:3745	live-identity	static_only			.live-identity .live-upcoming-summary	color:var(--secondary-label-fg); font-size:12px; font-weight:500
src/styles.css:3746	live-identity	static_only			.live-identity .live-exercise-start	min-height:44px; border-radius:14px; background:var(--surface-raised); color:var(--fg); font-size:14px; font-weight:500
src/styles.css:3747	live-identity	static_only			.live-identity .workout-exercise-compact	min-height:64px; margin:8px 0; padding:10px 0; border-color:var(--border); color:var(--fg)
src/styles.css:3748	live-identity	static_only			.live-identity .workout-exercise-compact-mark	border-radius:10px; background:var(--surface-sunken); color:var(--success-fg); font-weight:500
src/styles.css:3749	live-identity	static_only			.live-identity .workout-exercise-compact-copy strong	font-size:14px; font-weight:600
src/styles.css:3750	live-identity	static_only			.live-identity .workout-exercise-compact-copy span	color:var(--secondary-label-fg); font-size:12px; font-weight:500
src/styles.css:3751	live-identity	static_only			.live-identity .workout-exercise-compact .workout-status	min-height:28px; border-radius:10px; font-size:12px; font-weight:500
src/styles.css:3752	live-identity	static_only			.live-identity .exercise-block.live	margin:0 0 12px; padding:18px; border:0; border-radius:18px; background:var(--surface-raised); box-shadow:none
src/styles.css:3753	live-identity	static_only			.live-identity .circuit-round	border-color:var(--border)
src/styles.css:3754	live-identity	static_only			.live-identity .circuit-round.current	border-color:var(--warning-border)
src/styles.css:3755	live-identity	static_only			.live-identity .circuit-round.done	border-color:var(--success-border)
src/styles.css:3756	live-identity	static_only			.live-identity .circuit-round-label	color:var(--secondary-label-fg); font-size:12px; font-weight:500
src/styles.css:3758	live-identity	static_only			.live-identity .live-workout-page > .secondary.wide	min-height:48px; margin-top:4px; border:1px solid var(--border); border-radius:14px; background:transparent; color:var(--fg); font-size:14px; font-weight:500; box-shadow:none
src/styles.css:3759	live-identity	static_only			.live-identity .state	color:var(--success-fg); font-size:14px; font-weight:400
src/styles.css:3760	live-identity	static_only			.live-identity .error	color:var(--danger); font-size:14px; font-weight:400
src/styles.css:3761	live-identity	matched_in_runtime	/workouts/10000000-0000-4000-8000-000000000003/live		.live-identity .live-bottom-bar	width:min(100%,440px); padding:12px 16px calc(12px + env(safe-area-inset-bottom)); border-color:var(--border); background:var(--bar-bg)
src/styles.css:3762	live-identity	static_only			.live-identity .live-bottom-bar .workout-cta	min-height:48px; border-radius:14px; font-size:14px; font-weight:500
src/styles.css:3763	live-identity	static_only			.live-identity .live-bottom-bar .workout-cta[data-variant='secondary']	border-color:var(--border); background:var(--surface-raised); color:var(--fg); box-shadow:none
src/styles.css:3764	live-identity	static_only			.live-identity .live-bottom-bar .workout-cta:disabled	opacity:1; border-color:var(--border); background:var(--surface-sunken); color:var(--secondary-label-fg)
src/styles.css:3765	live-identity	static_only			.live-identity .live-inactivity-reminder	display:grid; gap:12px; margin:0 0 14px; padding:14px; border:1px solid var(--warning-border); border-radius:16px; background:var(--warning-surface); color:var(--fg)
src/styles.css:3766	live-identity	static_only			.live-identity .live-inactivity-reminder > div:first-child	display:grid; gap:3px
src/styles.css:3767	live-identity	static_only			.live-identity .live-inactivity-reminder strong	font-size:15px; font-weight:600; line-height:1.25
src/styles.css:3768	live-identity	static_only			.live-identity .live-inactivity-reminder span	color:var(--secondary-label-fg); font-size:13px; line-height:1.35
src/styles.css:3769	live-identity	static_only			.live-identity .live-inactivity-reminder .actions	display:grid; grid-template-columns:1fr 1fr; gap:8px; margin:0
src/styles.css:3770	live-identity	static_only			.live-identity .live-inactivity-reminder button	min-height:44px; border-radius:12px; font-size:14px; font-weight:500
src/styles.css:3771	live-identity	static_only			.live-identity .live-inactivity-reminder button:not(.secondary)	border-color:var(--fg); background:var(--fg); color:var(--bg)
src/styles.css:3772	live-identity	static_only			.live-identity .live-sync-state	display:grid; grid-template-columns:minmax(0,1fr) auto; align-items:center; gap:10px; padding:10px 12px; border:1px solid var(--warning-border); border-radius:14px; background:var(--warning-surface); color:var(--fg)
src/styles.css:3773	live-identity	static_only			.live-identity .live-sync-state.error	border-color:var(--danger-border); background:var(--danger-surface); color:var(--fg)
src/styles.css:3774	live-identity	static_only			.live-identity .live-sync-state > div	display:grid; gap:2px
src/styles.css:3775	live-identity	static_only			.live-identity .live-sync-state strong	font-size:14px; font-weight:600; line-height:1.25
src/styles.css:3776	live-identity	static_only			.live-identity .live-sync-state span	color:var(--secondary-label-fg); font-size:12px; font-weight:400; line-height:1.3
src/styles.css:3777	live-identity	static_only			.live-identity .live-sync-state button	min-height:44px; padding:8px 10px; border-color:var(--border); border-radius:10px; background:var(--surface-raised); color:var(--fg); font-size:12px; font-weight:500; box-shadow:none
src/styles.css:3779	live-identity	static_only			.live-identity .finish-confirm	gap:10px
src/styles.css:3780	live-identity	static_only			.live-identity .finish-confirm p	color:var(--fg); font-size:14px; font-weight:400
src/styles.css:3781	live-identity	static_only			.live-identity .finish-confirm .workout-cta[data-variant='tertiary']	color:var(--fg)
src/styles.css:3782	live-identity	static_only			.live-identity .finish-confirm .workout-cta[data-variant='primary']	border-color:var(--danger); background:var(--danger); color:var(--mono-on-primary)
src/styles.css:3783	live-identity	static_only			.live-identity .modal-overlay	background:color-mix(in srgb, var(--bg) 76%, transparent)
src/styles.css:3784	live-identity	static_only			.live-identity .modal-dialog	padding:20px; border-color:var(--border); border-radius:18px; background:var(--surface-elevated); box-shadow:none
src/styles.css:3785	live-identity	static_only			.live-identity .modal-message	color:var(--fg); font-size:14px; font-weight:400
src/styles.css:3788	live-identity	affects_computed_style	/workouts/10000000-0000-4000-8000-000000000003/live	padding-bottom	.live-identity .live-workout-page	padding-inline:14px
src/styles.css:3789	live-identity	static_only			.live-identity .live-set-grid, .live-identity .live-set-table-head	grid-template-columns:24px minmax(0,1fr) minmax(0,1fr) 48px; gap:0
src/styles.css:3790	live-identity	static_only			.live-identity .live-set.rpe-visible .live-set-grid, .live-identity .live-set-table-head.rpe-visible	grid-template-columns:20px minmax(0,1fr) minmax(0,1fr) 40px 48px; gap:0
src/styles.css:3791	live-identity	static_only			.live-identity .live-set-check, .live-identity .live-set-save, .live-identity .live-set-expanded .live-set-check, .live-identity .live-set-expanded .live-set-save	width:100%
src/styles.css:3792	live-identity	affects_computed_style	/workouts/10000000-0000-4000-8000-000000000003/live	padding-bottom	.live-identity .live-session-header	grid-template-columns:minmax(0,1fr)
src/styles.css:3793	live-identity	static_only			.live-identity .live-session-header .workout-header-side	grid-row:1; justify-self:end; margin-bottom:-37px
src/styles.css:3794	live-identity	affects_computed_style	/workouts/10000000-0000-4000-8000-000000000003/live	font-size,font-weight	.live-identity .live-session-header h2	padding-right:88px; font-size:18px
src/styles.css:3795	live-identity	matched_in_runtime	/workouts/10000000-0000-4000-8000-000000000003/live		.live-identity .live-timer	min-height:68px; font-size:28px
src/styles.css:3800	progress-identity	matched_in_runtime	/me/progress		.progress-identity	border-color:var(--frame-border); background:var(--bg); box-shadow:none
src/styles.css:3825	progress-identity	matched_in_runtime	/me/progress		.progress-identity .content	padding-bottom:calc(82px + env(safe-area-inset-bottom)); background:var(--bg)
src/styles.css:3826	progress-identity	affects_computed_style	/me/progress	padding-top,padding-bottom	.progress-identity .client-progress-page	padding:max(12px, calc(24px - env(safe-area-inset-top))) 16px calc(28px + env(safe-area-inset-bottom))
src/styles.css:3827	progress-identity	affects_computed_style	/me/progress	min-height	.progress-identity .client-progress-page > .page-header	min-height:44px; margin-bottom:16px
src/styles.css:3828	progress-identity	matched_in_runtime	/me/progress		.progress-identity .client-progress-page > .page-header h1	font-size:24px; font-weight:600; line-height:1.12; letter-spacing:-.018em
src/styles.css:3829	progress-identity	static_only			.progress-identity .client-progress-stack	gap:12px
src/styles.css:3830	progress-identity	affects_computed_style	/me/progress	color,font-size,font-weight	.progress-identity .eyebrow	color:var(--muted); font-size:12px; font-weight:500; line-height:1.3; letter-spacing:.06em
src/styles.css:3832	progress-identity	matched_in_runtime	/me/progress		.progress-identity .ai-progress-card, .progress-identity .running-progress-card, .progress-identity .client-progress-measurement	margin:0; border:1px solid var(--border); border-radius:18px; background:var(--surface-raised); box-shadow:none
src/styles.css:3835	progress-identity	matched_in_runtime	/me/progress		.progress-identity .progress-story-card	display:grid; gap:12px; overflow:visible; border:0; border-radius:0; background:transparent
src/styles.css:3836	progress-identity	affects_computed_style	/me/progress	border-top-left-radius,border-top-right-radius,background-color	.progress-identity .progress-story-period, .progress-identity .progress-story-summary	overflow:hidden; border:1px solid var(--border); border-radius:18px; background:var(--surface-raised)
src/styles.css:3838	progress-identity	affects_computed_style	/me/progress	min-height,padding-top,padding-bottom	.progress-identity .progress-story-period	display:flex; min-height:60px; align-items:center; gap:12px; padding:8px 14px 8px 18px
src/styles.css:3839	progress-identity	static_only			.progress-identity .progress-story-summary.main-fact-removed .ai-progress-stats div	min-height:64px
src/styles.css:3840	progress-identity	matched_in_runtime	/me/progress		.progress-identity .ai-progress-header	padding:0
src/styles.css:3841	progress-identity	static_only			.progress-identity .ai-progress-title	gap:10px
src/styles.css:3842	progress-identity	affects_computed_style	/me/progress	color	.progress-identity .ai-progress-title h2	color:var(--secondary-label-fg); font-size:12px; font-weight:500; line-height:1.3; letter-spacing:.06em
src/styles.css:3843	progress-identity	matched_in_runtime	/me/progress		.progress-identity .ai-progress-periods	width:auto; margin:0 0 0 auto; padding:0; border:0; border-radius:10px; background:transparent
src/styles.css:3844	progress-identity	static_only			.progress-identity .ai-progress-periods.period-count-1	width:auto
src/styles.css:3845	progress-identity	affects_computed_style	/me/progress	padding-top,padding-bottom	.progress-identity .client-progress-card .ai-progress-periods button	position:relative; min-height:44px; padding:0 12px; border:0; border-radius:10px; background:transparent; color:var(--muted); font-size:12px; font-weight:500
src/styles.css:3846	progress-identity	matched_in_runtime	/me/progress		.progress-identity .client-progress-card .ai-progress-periods button::before	position:absolute; border:1px solid var(--border); border-radius:10px; background:var(--surface-sunken)
src/styles.css:3847	progress-identity	static_only			.progress-identity .client-progress-card .ai-progress-periods button span	position:relative
src/styles.css:3848	progress-identity	matched_in_runtime	/me/progress		.progress-identity .client-progress-card .ai-progress-periods button.active	border:0; background:transparent; color:var(--fg); box-shadow:none
src/styles.css:3849	progress-identity	matched_in_runtime	/me/progress		.progress-identity .client-progress-card .ai-progress-periods button.active::before	background:var(--surface-raised); border-color:var(--fg)
src/styles.css:3851	progress-identity	static_only			.progress-identity .progress-story-hero	gap:5px; padding:18px; border:0; border-bottom:1px solid var(--border); background:var(--surface-elevated)
src/styles.css:3852	progress-identity	static_only			.progress-identity .progress-story-hero > span	color:var(--secondary-label-fg); font-size:12px; font-weight:500
src/styles.css:3853	progress-identity	static_only			.progress-identity .progress-story-hero > strong	color:var(--success-fg); font-size:40px; font-weight:600; letter-spacing:-.035em
src/styles.css:3854	progress-identity	static_only			.progress-identity .progress-story-hero h3	font-size:18px; font-weight:600; line-height:1.2
src/styles.css:3855	progress-identity	static_only			.progress-identity .progress-story-hero p	color:var(--secondary-label-fg); font-size:12px; font-weight:500
src/styles.css:3856	progress-identity	static_only			.progress-identity .ai-progress-stats	gap:0; border:0; background:var(--surface-raised)
src/styles.css:3857	progress-identity	static_only			.progress-identity .ai-progress-stats div	min-height:72px; justify-content:center; padding:12px 6px; border-right:1px solid var(--border); background:transparent
src/styles.css:3858	progress-identity	static_only			.progress-identity .ai-progress-stats div:last-child	border-right:0
src/styles.css:3859	progress-identity	static_only			.progress-identity .ai-progress-stats strong	color:var(--fg); font-size:18px; font-weight:600
src/styles.css:3860	progress-identity	static_only			.progress-identity .ai-progress-stats span	color:var(--secondary-label-fg); font-size:12px; font-weight:500
src/styles.css:3862	progress-identity	static_only			.progress-identity .body-progress-map	gap:10px; padding:14px 16px 16px; border-color:var(--border); background:var(--surface-raised)
src/styles.css:3863	progress-identity	static_only			.progress-identity .body-progress-map > header	gap:8px
src/styles.css:3864	progress-identity	static_only			.progress-identity .body-progress-map > header span	color:var(--secondary-label-fg); font-size:12px; font-weight:500
src/styles.css:3865	progress-identity	static_only			.progress-identity .body-progress-map > header h3	font-size:16px; font-weight:600
src/styles.css:3866	progress-identity	static_only			.progress-identity .body-progress-map > header p	color:var(--secondary-label-fg); font-size:12px; font-weight:500
src/styles.css:3867	progress-identity	static_only			.progress-identity .body-progress-modes	width:100%; gap:0; padding:0; border:0; border-radius:var(--radius-md); background:transparent
src/styles.css:3868	progress-identity	static_only			.progress-identity .body-progress-modes::before	border-color:var(--border); background:var(--surface-sunken)
src/styles.css:3869	progress-identity	static_only			.progress-identity .body-progress-modes button	min-height:44px; border-radius:var(--radius-md); color:var(--muted); font-size:var(--type-body-size); font-weight:500
src/styles.css:3870	progress-identity	static_only			.progress-identity .body-progress-modes button[aria-pressed='true']	color:var(--fg); box-shadow:none
src/styles.css:3871	progress-identity	static_only			.progress-identity .body-progress-sides	width:min(100%,148px); border:0; border-radius:var(--radius-pill); background:transparent
src/styles.css:3872	progress-identity	static_only			.progress-identity .body-progress-sides::before	border-color:var(--border); background:var(--surface-sunken)
src/styles.css:3873	progress-identity	static_only			.progress-identity .body-progress-sides button	min-height:44px; border-radius:var(--radius-pill); font-size:var(--type-caption-size); font-weight:500
src/styles.css:3874	progress-identity	static_only			.progress-identity .body-progress-sides button[aria-pressed='true']	color:var(--fg); box-shadow:none
src/styles.css:3875	progress-identity	static_only			.progress-identity .body-progress-visual	width:min(100%,180px); border:0; border-radius:0; background:transparent
src/styles.css:3878	progress-identity	static_only			.progress-identity .body-progress-detail	gap:8px; padding:16px 0 0; border-color:var(--border); border-radius:0; background:transparent
src/styles.css:3880	progress-identity	affects_computed_style	/me/progress	padding-top,padding-bottom,border-top-left-radius,border-top-right-radius,background-color	.progress-identity .client-progress-wins, .progress-identity .client-progress-comparison, .progress-identity .client-progress-measurements-story, .progress-identity .client-progress-regularity-story, .progress-identity .client-progress-upcoming, .progress-identity .client-progress-insight	margin:0; padding:18px; border:1px solid var(--border); border-radius:18px; background:var(--surface-raised)
src/styles.css:3886	progress-identity	matched_in_runtime	/me/progress		.progress-identity .client-progress-wins, .progress-identity .client-progress-comparison, .progress-identity .client-progress-measurements-story, .progress-identity .client-progress-regularity-story, .progress-identity .client-progress-insight	border-bottom:1px solid var(--border)
src/styles.css:3891	progress-identity	matched_in_runtime	/me/progress		.progress-identity .client-progress-wins h3, .progress-identity .client-progress-comparison h3, .progress-identity .client-progress-measurements-story h3, .progress-identity .client-progress-regularity-story h3, .progress-identity .client-progress-goal-story h3, .progress-identity .client-progress-upcoming h3, .progress-identity .client-progress-main-now h3, .progress-identity .client-progress-insight h3	color:var(--fg); font-size:14px; font-weight:600
src/styles.css:3899	progress-identity	static_only			.progress-identity .client-progress-wins article	grid-template-columns:6px minmax(0,1fr)
src/styles.css:3900	progress-identity	static_only			.progress-identity .client-progress-wins article > span	width:6px; height:6px; background:var(--success); box-shadow:none
src/styles.css:3901	progress-identity	matched_in_runtime	/me/progress		.progress-identity .client-progress-wins article strong, .progress-identity .client-progress-wins article p, .progress-identity .client-progress-goal-story li, .progress-identity .client-progress-goal-story p, .progress-identity .client-progress-main-now p, .progress-identity .client-progress-insight p	font-size:12px
src/styles.css:3907	progress-identity	static_only			.progress-identity .client-progress-overview	display:grid; overflow:hidden; border:1px solid var(--fg); border-radius:18px; background:var(--surface-raised)
src/styles.css:3908	progress-identity	static_only			.progress-identity .client-progress-main-now	gap:8px; margin:0; padding:18px; border:0; border-bottom:1px solid var(--border); border-radius:0; background:transparent
src/styles.css:3909	progress-identity	static_only			.progress-identity .client-progress-main-now-head > span	color:var(--secondary-label-fg); font-size:12px; font-weight:500
src/styles.css:3910	progress-identity	static_only			.progress-identity .client-progress-details-trigger	min-height:44px; color:var(--fg); font-size:12px; font-weight:500
src/styles.css:3911	progress-identity	static_only			.progress-identity .client-progress-main-now h3	font-size:18px; line-height:1.2
src/styles.css:3912	progress-identity	static_only			.progress-identity .client-progress-main-now > strong	padding-top:10px; border-color:var(--border); font-size:12px; font-weight:600
src/styles.css:3913	progress-identity	static_only			.progress-identity .client-progress-main-now > .link	color:var(--fg); font-size:12px; font-weight:500
src/styles.css:3914	progress-identity	static_only			.progress-identity .client-progress-comparison > header p, .progress-identity .period-comparison-facts dt span	color:var(--secondary-label-fg); font-size:11px
src/styles.css:3916	progress-identity	static_only			.progress-identity .period-comparison-facts dt, .progress-identity .period-comparison-limitation	font-size:12px
src/styles.css:3918	progress-identity	static_only			.progress-identity .period-comparison-facts dd	font-size:16px; font-weight:600
src/styles.css:3919	progress-identity	static_only			.progress-identity .period-comparison-facts > div.positive dd	color:var(--success-fg)
src/styles.css:3920	progress-identity	affects_computed_style	/me/progress	font-size	.progress-identity .client-progress-measurements-story > header span, .progress-identity .measurement-story-current span, .progress-identity .measurement-story-current small, .progress-identity .measurement-story-facts dt	color:var(--secondary-label-fg); font-size:11px
src/styles.css:3924	progress-identity	matched_in_runtime	/me/progress		.progress-identity .measurement-story-selector button, .progress-identity .measurement-story-facts dd, .progress-identity .measurement-story-explanation p, .progress-identity .measurement-story-after-period	font-size:12px
src/styles.css:3928	progress-identity	affects_computed_style	/me/progress	font-size	.progress-identity .regularity-story-facts dt	color:var(--secondary-label-fg); font-size:11px
src/styles.css:3929	progress-identity	matched_in_runtime	/me/progress		.progress-identity .regularity-story-facts dd	font-size:12px
src/styles.css:3930	progress-identity	static_only			.progress-identity .client-progress-goal-story > span, .progress-identity .client-progress-upcoming > span	color:var(--secondary-label-fg); font-size:12px; font-weight:500
src/styles.css:3932	progress-identity	matched_in_runtime	/me/progress		.progress-identity .client-progress-goal-story	margin:0; padding:18px; border:0; border-radius:0; background:transparent
src/styles.css:3933	progress-identity	affects_computed_style	/me/progress	font-size	.progress-identity .client-progress-goal-story h3	font-size:16px; line-height:1.25
src/styles.css:3934	progress-identity	static_only			.progress-identity .client-progress-goal-story.empty, .progress-identity .client-progress-upcoming	margin:0; padding:18px; border-color:var(--border); border-radius:18px; background:var(--surface-raised)
src/styles.css:3936	progress-identity	static_only			.progress-identity .client-progress-overview .client-progress-goal-story.empty	border:0; border-radius:0; background:transparent
src/styles.css:3937	progress-identity	static_only			.progress-identity .client-progress-overview .client-progress-story-state	margin:0; padding:18px; border:0; border-radius:0; border-top:1px solid var(--border); background:transparent
src/styles.css:3938	progress-identity	static_only			.progress-identity .client-progress-story-state	margin:0; padding:18px; border:1px solid var(--border); border-radius:18px; background:var(--surface-raised); color:var(--secondary-label-fg); font-size:14px
src/styles.css:3939	progress-identity	static_only			.progress-identity .ai-progress-auto-error	padding:6px 18px; border:1px solid var(--danger-border); border-radius:18px; background:var(--surface-raised)
src/styles.css:3941	progress-identity	static_only			.progress-identity .client-progress-goal-story-head	align-items:flex-start
src/styles.css:3942	progress-identity	static_only			.progress-identity .goal-story-actions	align-items:flex-start
src/styles.css:3943	progress-identity	static_only			.progress-identity .goal-story-actions > .link	min-height:44px
src/styles.css:3944	progress-identity	static_only			.progress-identity .goal-foundation-facts	grid-template-columns:1fr; gap:0; margin:8px 0 0; border-top:1px solid var(--border)
src/styles.css:3945	progress-identity	static_only			.progress-identity .goal-foundation-facts > div	grid-template-columns:minmax(86px,.7fr) minmax(0,1.5fr); gap:10px; padding:10px 0; border:0; border-bottom:1px solid var(--border); border-radius:0; background:transparent
src/styles.css:3946	progress-identity	static_only			.progress-identity .goal-criteria-progress-list	gap:0; margin-top:8px; border-top:1px solid var(--border)
src/styles.css:3947	progress-identity	static_only			.progress-identity .goal-criterion-progress-row	display:grid; gap:8px; padding:12px 0; border-bottom:1px solid var(--border)
src/styles.css:3948	progress-identity	static_only			.progress-identity .goal-criterion-progress-row header	display:flex; align-items:flex-start; justify-content:space-between; gap:12px
src/styles.css:3949	progress-identity	static_only			.progress-identity .goal-criterion-progress-row header strong	font-size:14px; font-weight:600; line-height:1.35
src/styles.css:3950	progress-identity	static_only			.progress-identity .goal-criterion-progress-row header span	color:var(--secondary-label-fg); font-size:12px; font-weight:500; line-height:1.35
src/styles.css:3951	progress-identity	static_only			.progress-identity .goal-criterion-progress-row dl	display:grid; gap:8px; margin:0
src/styles.css:3952	progress-identity	static_only			.progress-identity .goal-criterion-progress-row dl div	display:grid; grid-template-columns:minmax(86px,.7fr) minmax(0,1.5fr); gap:10px
src/styles.css:3953	progress-identity	static_only			.progress-identity .goal-criterion-progress-row dt	color:var(--secondary-label-fg); font-size:12px; line-height:1.4
src/styles.css:3954	progress-identity	static_only			.progress-identity .goal-criterion-progress-row dd	margin:0; overflow-wrap:anywhere; font-size:14px; line-height:1.4
src/styles.css:3955	progress-identity	static_only			.progress-identity .goal-criterion-progress-row > .link, .progress-identity .goal-criteria-toggle	width:fit-content; min-height:44px; padding:6px 0; color:var(--fg); font-size:12px; font-weight:500
src/styles.css:3957	progress-identity	static_only			.progress-identity .goal-criteria-toggle	margin-top:2px
src/styles.css:3959	progress-identity	affects_computed_style	/me/progress	padding-top,padding-bottom	.progress-identity .running-progress-card	gap:16px; padding:18px
src/styles.css:3960	progress-identity	affects_computed_style	/me/progress	font-size	.progress-identity .running-progress-card h2	font-size:18px; font-weight:600
src/styles.css:3961	progress-identity	static_only			.progress-identity .running-progress-periods	padding:3px; border-radius:14px; background:var(--surface-sunken)
src/styles.css:3962	progress-identity	static_only			.progress-identity .running-progress-periods button	min-height:44px; border-radius:10px; font-size:12px; font-weight:500
src/styles.css:3963	progress-identity	static_only			.progress-identity .running-progress-periods button.active	background:var(--surface-elevated); color:var(--fg); box-shadow:none
src/styles.css:3964	progress-identity	static_only			.progress-identity .running-progress-total strong	font-size:24px; font-weight:600
src/styles.css:3965	progress-identity	static_only			.progress-identity .running-progress-total span	color:var(--secondary-label-fg); font-size:14px; font-weight:400
src/styles.css:3966	progress-identity	static_only			.progress-identity .running-progress-metrics	border-radius:14px
src/styles.css:3967	progress-identity	static_only			.progress-identity .running-progress-metrics > div	padding:14px; background:var(--surface-elevated)
src/styles.css:3968	progress-identity	static_only			.progress-identity .running-progress-metrics strong	font-size:18px; font-weight:600
src/styles.css:3969	progress-identity	static_only			.progress-identity .running-progress-insight	border:1px solid var(--border); border-radius:14px; background:var(--surface-elevated)
src/styles.css:3971	progress-identity	static_only			.progress-identity .client-progress-measurement	gap:16px; padding:18px
src/styles.css:3972	progress-identity	static_only			.progress-identity .client-progress-measurement-head h2	font-size:18px; font-weight:600
src/styles.css:3973	progress-identity	static_only			.progress-identity .client-progress-measurement-latest	gap:12px; padding:14px; border-radius:14px; background:var(--surface-elevated)
src/styles.css:3974	progress-identity	static_only			.progress-identity .client-progress-measurement-latest > span	color:var(--secondary-label-fg); font-size:12px; font-weight:500
src/styles.css:3975	progress-identity	static_only			.progress-identity .measurement-latest-values strong	color:var(--fg); font-size:18px; font-weight:600
src/styles.css:3976	progress-identity	static_only			.progress-identity .measurement-latest-values small	color:var(--secondary-label-fg); font-size:12px; font-weight:500
src/styles.css:3977	progress-identity	static_only			.progress-identity .measurement-trend .chart h2	font-size:16px; font-weight:600
src/styles.css:3979	progress-identity	matched_in_runtime	/me/progress		.progress-identity .measurement-actions	gap:8px; border-color:var(--border)
src/styles.css:3980	progress-identity	affects_computed_style	/me/progress	border-top-left-radius,border-top-right-radius	.progress-identity .measurement-actions button	min-height:48px; border-radius:14px; font-size:12px; font-weight:500
src/styles.css:3981	progress-identity	matched_in_runtime	/me/progress		.progress-identity .measurement-actions .secondary	border-color:var(--border); background:var(--surface-elevated); color:var(--fg); box-shadow:none
src/styles.css:3982	progress-identity	affects_computed_style	/me/progress	color	.progress-identity .measurement-actions .link	color:var(--fg)
src/styles.css:3983	progress-identity	static_only			.progress-identity .measurement-story-management .client-progress-form, .progress-identity .measurement-story-management .client-progress-history, .progress-identity .measurement-story-management .metrics-manager	background:transparent
src/styles.css:3986	progress-identity	static_only			.progress-identity .client-progress-form, .progress-identity .client-progress-history	padding-top:16px; border-color:var(--border); background:transparent; box-shadow:none
src/styles.css:3988	progress-identity	static_only			.progress-identity .client-progress-form .field	color:var(--secondary-label-fg); font-size:12px; font-weight:500
src/styles.css:3989	progress-identity	static_only			.progress-identity .client-progress-form input, .progress-identity .client-progress-form textarea	min-height:48px; border-color:var(--border); border-radius:14px; background:var(--surface-sunken); color:var(--fg); font-size:16px; font-weight:400
src/styles.css:3991	progress-identity	static_only			.progress-identity .client-progress-form textarea	min-height:88px
src/styles.css:3992	progress-identity	static_only			.progress-identity .client-progress-form button	min-height:48px; border-radius:14px; font-size:14px; font-weight:500
src/styles.css:3993	progress-identity	static_only			.progress-identity .client-progress-form button.primary	border-color:var(--mono-primary); background:var(--mono-primary); color:var(--mono-on-primary); box-shadow:none
src/styles.css:3994	progress-identity	static_only			.progress-identity .client-progress-form button.secondary	border-color:var(--border); background:transparent; color:var(--fg); box-shadow:none
src/styles.css:3995	progress-identity	static_only			.progress-identity .client-progress-history .card	border-color:var(--border); border-radius:14px; background:var(--surface-elevated); box-shadow:none
src/styles.css:3996	progress-identity	static_only			.progress-identity .client-progress-history .row-actions .link	min-height:44px; color:var(--fg); font-size:12px; font-weight:500
src/styles.css:3997	progress-identity	static_only			.progress-identity .client-progress-history .row-actions .danger	color:var(--danger)
src/styles.css:3999	progress-identity	matched_in_runtime	/me/progress		.progress-identity .tab-bar	width:min(100%,440px); padding:8px 8px calc(8px + env(safe-area-inset-bottom)); border:0; border-top:1px solid var(--border); border-radius:0; background:var(--bar-bg); box-shadow:none; transform:translateX(-50%)
src/styles.css:4000	progress-identity	matched_in_runtime	/me/progress		.progress-identity .tab-bar a	min-height:48px; gap:3px; padding:5px 3px; border-radius:10px; color:var(--muted); font-size:12px; font-weight:500
src/styles.css:4001	progress-identity	static_only			.progress-identity .tab-bar a svg	width:20px; height:20px; opacity:1; transform:none
src/styles.css:4002	progress-identity	matched_in_runtime	/me/progress		.progress-identity .tab-bar a.active	background:transparent; color:var(--fg); font-weight:500
src/styles.css:4003	progress-identity	static_only			.progress-identity .tab-bar a.active svg	transform:none
src/styles.css:4004	progress-identity	static_only			.progress-identity .sheet-overlay	background:color-mix(in srgb, var(--bg) 76%, transparent)
src/styles.css:4005	progress-identity	static_only			.progress-identity .ai-progress-sheet	border-color:var(--border); border-radius:18px 18px 0 0; background:var(--surface-elevated); box-shadow:none
src/styles.css:4006	progress-identity	static_only			.progress-identity .picker-close	width:44px; height:44px; border-radius:14px; color:var(--fg)
src/styles.css:4009	progress-identity	matched_in_runtime	/me/progress		.progress-identity .content	padding-bottom:0
src/styles.css:4010	progress-identity	matched_in_runtime	/me/progress		.progress-identity .tab-bar	position:static; width:100%; transform:none
src/styles.css:4013	progress-identity	affects_computed_style	/me/progress	padding-top,padding-bottom	.progress-identity .client-progress-page	padding-inline:14px
src/styles.css:4014	progress-identity	static_only			.progress-identity .progress-story-hero, .progress-identity .body-progress-map, .progress-identity .running-progress-card, .progress-identity .client-progress-measurement	padding-inline:16px
src/styles.css:4018	progress-identity	matched_in_runtime	/me/progress		.progress-identity .progress-story-period .ai-progress-header	padding:0
src/styles.css:4019	progress-identity	static_only			.progress-identity .progress-story-hero > strong	font-size:36px
src/styles.css:4025	client-workouts-identity	matched_in_runtime	/me/workouts		.client-workouts-identity	border-color:var(--frame-border); background:var(--bg); box-shadow:none
src/styles.css:4026	client-workouts-identity	matched_in_runtime	/me/workouts		.client-workouts-identity .content	padding-bottom:calc(82px + env(safe-area-inset-bottom)); background:var(--bg)
src/styles.css:4027	client-workouts-identity	affects_computed_style	/me/workouts	padding-top,padding-bottom	.client-workouts-identity .client-workouts-page, .client-workouts-identity .trainer-client-workouts-page	padding:max(12px, calc(24px - env(safe-area-inset-top))) 16px 28px
src/styles.css:4029	client-workouts-identity	affects_computed_style	/me/workouts	min-height	.client-workouts-identity .client-workouts-page > .page-header, .client-workouts-identity .trainer-client-workouts-page > .page-header	min-height:44px; margin-bottom:16px
src/styles.css:4031	client-workouts-identity	matched_in_runtime	/me/workouts		.client-workouts-identity .client-workouts-page > .page-header h1, .client-workouts-identity .trainer-client-workouts-page > .page-header h1	font-size:24px; font-weight:600; line-height:1.12; letter-spacing:-.018em
src/styles.css:4033	client-workouts-identity	affects_computed_style	/me/workouts	padding-top,padding-bottom,font-size	.client-workouts-identity .client-workouts-page > .page-header .button, .client-workouts-identity .trainer-client-workouts-page > .page-header .button	display:inline-flex; align-items:center; justify-content:center; height:44px; min-height:44px; padding:0 14px; border:0; border-radius:14px; background:var(--mono-primary); color:var(--mono-on-primary); font-size:14px; font-weight:500; line-height:1; box-shadow:none
src/styles.css:4036	client-workouts-identity	static_only			.client-workouts-identity .client-workouts-stack	gap:24px; grid-template-columns:minmax(0,1fr)
src/styles.css:4037	client-workouts-identity	static_only			.client-workouts-identity .client-workout-section	gap:12px; grid-template-columns:minmax(0,1fr)
src/styles.css:4038	client-workouts-identity	static_only			.client-workouts-identity .client-workout-section-head	gap:4px
src/styles.css:4039	client-workouts-identity	affects_computed_style	/me/workouts	color,font-size,font-weight	.client-workouts-identity .client-workout-section-head .eyebrow	color:var(--muted); font-size:12px; font-weight:500; line-height:1.3; letter-spacing:.06em
src/styles.css:4040	client-workouts-identity	affects_computed_style	/me/workouts	font-weight	.client-workouts-identity .client-workout-section-head h2	color:var(--fg); font-size:18px; font-weight:600; line-height:1.2; letter-spacing:-.012em
src/styles.css:4041	client-workouts-identity	static_only			.client-workouts-identity .client-history-section-head	grid-template-columns:minmax(0,1fr) auto; align-items:end; gap:12px
src/styles.css:4042	client-workouts-identity	static_only			.client-workouts-identity .client-history-section-head > div:first-child	display:grid; gap:4px
src/styles.css:4043	client-workouts-identity	static_only			.client-workouts-identity .client-history-view-toggle	display:grid; grid-template-columns:1fr 1.35fr; gap:2px; padding:3px; border:1px solid var(--border); border-radius:14px; background:var(--surface-sunken)
src/styles.css:4044	client-workouts-identity	static_only			.client-workouts-identity .client-history-view-toggle button	display:inline-flex; align-items:center; justify-content:center; gap:6px; min-height:44px; padding:0 10px; border:0; border-radius:10px; background:transparent; color:var(--secondary-label-fg); font-size:14px; font-weight:500; line-height:1; box-shadow:none
src/styles.css:4045	client-workouts-identity	static_only			.client-workouts-identity .client-history-view-toggle button[aria-pressed='true']	background:var(--surface-raised); color:var(--fg); box-shadow:inset 0 0 0 1px var(--border)
src/styles.css:4046	client-workouts-identity	static_only			.client-workouts-identity .client-history-view-toggle svg	width:18px; height:18px
src/styles.css:4047	client-workouts-identity	static_only			.client-workouts-identity .client-history-calendar	display:grid; gap:14px; padding:14px; border:1px solid var(--border); border-radius:18px; background:var(--surface-raised); color:var(--fg)
src/styles.css:4048	client-workouts-identity	static_only			.client-workouts-identity .client-history-calendar-toolbar	display:grid; grid-template-columns:44px minmax(0,1fr) 44px; align-items:center; gap:8px
src/styles.css:4049	client-workouts-identity	static_only			.client-workouts-identity .client-history-calendar-toolbar h3	margin:0; color:var(--fg); font-size:18px; font-weight:600; line-height:1.2; letter-spacing:-.012em
src/styles.css:4050	client-workouts-identity	static_only			.client-workouts-identity .client-history-calendar-arrow	display:inline-flex; align-items:center; justify-content:center; width:44px; height:44px; min-height:44px; padding:0; border:1px solid var(--border); border-radius:14px; background:var(--surface-sunken); color:var(--fg); box-shadow:none
src/styles.css:4051	client-workouts-identity	static_only			.client-workouts-identity .client-history-calendar-arrow:disabled	border-color:var(--border); background:var(--surface-sunken); color:var(--muted); opacity:1
src/styles.css:4052	client-workouts-identity	static_only			.client-workouts-identity .client-history-calendar-arrow svg	width:20px; height:20px
src/styles.css:4053	client-workouts-identity	static_only			.client-workouts-identity .client-history-calendar-grid	display:grid; grid-template-columns:repeat(7,minmax(0,1fr)); gap:3px
src/styles.css:4054	client-workouts-identity	static_only			.client-workouts-identity .client-history-calendar-weekday	display:flex; align-items:center; justify-content:center; min-height:24px; color:var(--muted); font-size:12px; font-weight:500; line-height:1
src/styles.css:4055	client-workouts-identity	static_only			.client-workouts-identity .client-history-calendar-day	display:block; height:46px; border-radius:10px; color:var(--secondary-label-fg)
src/styles.css:4056	client-workouts-identity	static_only			.client-workouts-identity .client-history-calendar-day > span, .client-workouts-identity .client-history-calendar-day > button	position:relative; display:flex; align-items:center; justify-content:center; gap:4px; width:100%; height:100%; min-height:44px; padding:0; border:0; border-radius:10px; background:transparent; color:inherit; font-size:12px; font-weight:500; line-height:1; box-shadow:none
src/styles.css:4058	client-workouts-identity	static_only			.client-workouts-identity .client-history-calendar-day.outside, .client-workouts-identity .client-history-calendar-day.future	color:var(--muted)
src/styles.css:4060	client-workouts-identity	static_only			.client-workouts-identity .client-history-calendar-day.has-workout > button	background:var(--surface-sunken); color:var(--fg)
src/styles.css:4061	client-workouts-identity	static_only			.client-workouts-identity .client-history-calendar-day.today > span, .client-workouts-identity .client-history-calendar-day.today > button	box-shadow:inset 0 0 0 1px var(--fg)
src/styles.css:4063	client-workouts-identity	static_only			.client-workouts-identity .client-history-calendar-day.selected > button	background:var(--mono-primary); color:var(--mono-on-primary); box-shadow:none
src/styles.css:4064	client-workouts-identity	static_only			.client-workouts-identity .client-history-calendar-day-mark	display:flex; align-items:center; justify-content:center; height:3px; padding:0 3px; border-radius:999px; background:currentColor; color:var(--mono-primary); font-size:10px; font-weight:600; line-height:1
src/styles.css:4065	client-workouts-identity	static_only			.client-workouts-identity .client-history-calendar-day-mark:not(:empty)	height:16px; background:var(--mono-primary); color:var(--mono-on-primary)
src/styles.css:4066	client-workouts-identity	static_only			.client-workouts-identity .client-history-calendar-day.selected .client-history-calendar-day-mark	background:var(--mono-on-primary); color:var(--mono-primary)
src/styles.css:4067	client-workouts-identity	static_only			.client-workouts-identity .client-history-calendar-state	display:grid; justify-items:center; gap:10px; min-height:44px; margin:0; padding:12px; border-radius:14px; background:var(--surface-sunken); color:var(--secondary-label-fg); font-size:14px; font-weight:400; line-height:1.4
src/styles.css:4068	client-workouts-identity	static_only			.client-workouts-identity .client-history-calendar-state p	margin:0
src/styles.css:4069	client-workouts-identity	static_only			.client-workouts-identity .client-history-calendar-state button	min-height:44px; margin:0; padding:0 14px; border-radius:14px; font-size:14px; font-weight:500
src/styles.css:4070	client-workouts-identity	static_only			.client-workouts-identity .client-history-calendar-selection	display:grid; gap:10px; padding-top:14px; border-top:1px solid var(--border)
src/styles.css:4071	client-workouts-identity	static_only			.client-workouts-identity .client-history-calendar-selection-head	display:flex; align-items:baseline; justify-content:space-between; gap:12px
src/styles.css:4072	client-workouts-identity	static_only			.client-workouts-identity .client-history-calendar-selection-head h4	margin:0; color:var(--fg); font-size:16px; font-weight:600; line-height:1.25
src/styles.css:4073	client-workouts-identity	static_only			.client-workouts-identity .client-history-calendar-selection-head span	color:var(--secondary-label-fg); font-size:12px; font-weight:500
src/styles.css:4074	client-workouts-identity	static_only			.client-workouts-identity .client-workout-cards	gap:8px
src/styles.css:4076	client-workouts-identity	affects_computed_style	/me/workouts	border-top-left-radius,border-top-right-radius,background-color	.client-workouts-identity .client-workout-card, .client-workouts-identity .past-workout-plan-card, .client-workouts-identity .workout-chronicle-card	border:1px solid var(--border); border-radius:18px; background:var(--surface-raised); color:var(--fg); box-shadow:none
src/styles.css:4079	client-workouts-identity	static_only			.client-workouts-identity .client-workout-card:hover, .client-workouts-identity .past-workout-plan-card:hover, .client-workouts-identity .workout-chronicle-card:hover	border-color:var(--border); background:var(--surface-elevated); transform:none
src/styles.css:4082	client-workouts-identity	static_only			.client-workouts-identity .client-workout-card	min-height:88px; padding:16px 18px; align-items:flex-start; gap:12px
src/styles.css:4084	client-workouts-identity	static_only			.client-workouts-identity .client-workout-card strong	color:var(--fg); font-size:16px; font-weight:600; line-height:1.25
src/styles.css:4085	client-workouts-identity	static_only			.client-workouts-identity .client-workout-card p	margin:4px 0 0; color:var(--secondary-label-fg); font-size:12px; font-weight:500; line-height:1.35
src/styles.css:4086	client-workouts-identity	static_only			.client-workouts-identity .workout-exercise-list	gap:3px; margin:8px 0 0
src/styles.css:4087	client-workouts-identity	static_only			.client-workouts-identity .workout-exercise-name	color:var(--secondary-label-fg); font-size:14px; font-weight:400; line-height:1.4
src/styles.css:4088	client-workouts-identity	static_only			.client-workouts-identity .workout-exercise-more	color:var(--muted); font-size:12px; font-weight:500
src/styles.css:4090	client-workouts-identity	static_only			.client-workouts-identity .workout-status	min-height:28px; padding:0 9px; border-color:var(--border); border-radius:10px; background:var(--surface-sunken); color:var(--secondary-label-fg); font-size:12px; font-weight:500
src/styles.css:4091	client-workouts-identity	static_only			.client-workouts-identity .workout-status[data-state='current']	border-color:var(--warning-border); background:var(--warning-surface); color:var(--warning-fg)
src/styles.css:4092	client-workouts-identity	static_only			.client-workouts-identity .workout-status[data-tone='success']	border-color:var(--border); background:var(--surface-sunken); color:var(--success-fg)
src/styles.css:4093	client-workouts-identity	static_only			.client-workouts-identity .workout-status[data-tone='warning']	border-color:var(--warning-border); background:var(--warning-surface); color:var(--warning-fg)
src/styles.css:4095	client-workouts-identity	affects_computed_style	/me/workouts	min-height,padding-top,padding-bottom	.client-workouts-identity .past-workout-plan-card	min-height:96px; padding:16px 18px; gap:12px
src/styles.css:4096	client-workouts-identity	static_only			.client-workouts-identity .past-workout-plan-copy	gap:4px
src/styles.css:4097	client-workouts-identity	affects_computed_style	/me/workouts	font-size,font-weight	.client-workouts-identity .past-workout-plan-copy > strong	color:var(--fg); font-size:16px; font-weight:600; line-height:1.25
src/styles.css:4098	client-workouts-identity	affects_computed_style	/me/workouts	font-weight	.client-workouts-identity .past-workout-plan-copy > small	color:var(--secondary-label-fg); font-size:12px; font-weight:500
src/styles.css:4099	client-workouts-identity	affects_computed_style	/me/workouts	min-height,color,font-weight	.client-workouts-identity .past-workout-plan-action	min-height:44px; color:var(--fg); font-size:12px; font-weight:500
src/styles.css:4100	client-workouts-identity	matched_in_runtime	/me/workouts		.client-workouts-identity .past-workout-plan-action svg	color:var(--muted)
src/styles.css:4102	client-workouts-identity	static_only			.client-workouts-identity .workout-chronicle-card	gap:12px; padding:18px
src/styles.css:4103	client-workouts-identity	static_only			.client-workouts-identity .workout-chronicle-card.has-pr	border-color:var(--border); box-shadow:none
src/styles.css:4104	client-workouts-identity	static_only			.client-workouts-identity .workout-chronicle-head > strong	color:var(--fg); font-size:16px; font-weight:600
src/styles.css:4105	client-workouts-identity	static_only			.client-workouts-identity .workout-chronicle-head-badges	gap:6px
src/styles.css:4106	client-workouts-identity	static_only			.client-workouts-identity .workout-pr-badge	color:var(--success-fg); background:transparent; font-size:12px; font-weight:500
src/styles.css:4107	client-workouts-identity	static_only			.client-workouts-identity .workout-chronicle-card .card-author	margin:-4px 0 0; color:var(--secondary-label-fg); font-size:12px; font-weight:500
src/styles.css:4108	client-workouts-identity	static_only			.client-workouts-identity .workout-chronicle-exercises	gap:8px; padding:12px 0; border-color:var(--border)
src/styles.css:4109	client-workouts-identity	static_only			.client-workouts-identity .workout-chronicle-exercise-name	color:var(--secondary-label-fg); font-size:14px; font-weight:400
src/styles.css:4110	client-workouts-identity	static_only			.client-workouts-identity .workout-chronicle-exercise > strong	color:var(--fg); font-size:14px; font-weight:600
src/styles.css:4111	client-workouts-identity	static_only			.client-workouts-identity .workout-chronicle-more	color:var(--muted); font-size:12px; font-weight:500
src/styles.css:4112	client-workouts-identity	static_only			.client-workouts-identity .workout-chronicle-facts	gap:6px
src/styles.css:4113	client-workouts-identity	static_only			.client-workouts-identity .workout-chronicle-facts span	padding:5px 8px; border-radius:10px; background:var(--surface-sunken); color:var(--secondary-label-fg); font-size:12px; font-weight:500
src/styles.css:4114	client-workouts-identity	static_only			.client-workouts-identity .workout-chronicle-facts .attention	color:var(--danger); background:var(--surface-sunken)
src/styles.css:4115	client-workouts-identity	static_only			.client-workouts-identity .workout-chronicle-comment, .client-workouts-identity .workout-chronicle-response	padding:10px 12px; border-radius:14px; background:var(--surface-elevated); color:var(--fg); font-size:12px; font-weight:400
src/styles.css:4117	client-workouts-identity	static_only			.client-workouts-identity .workout-chronicle-note-label	color:var(--secondary-label-fg); font-size:12px; font-weight:500
src/styles.css:4119	client-workouts-identity	static_only			.client-workouts-identity .state-panel	min-height:232px; gap:8px; padding:24px 20px; border:0; border-radius:18px; background:var(--surface-raised); color:var(--fg); box-shadow:none
src/styles.css:4120	client-workouts-identity	static_only			.client-workouts-identity .state-panel-mark	width:44px; height:44px; border-radius:14px; background:var(--surface-sunken); color:var(--fg)
src/styles.css:4121	client-workouts-identity	static_only			.client-workouts-identity .state-panel-mark svg	width:22px; height:22px
src/styles.css:4122	client-workouts-identity	static_only			.client-workouts-identity .state-panel h2	margin:8px 0 0; color:var(--fg); font-size:18px; font-weight:600; line-height:1.2
src/styles.css:4123	client-workouts-identity	static_only			.client-workouts-identity .state-panel p	color:var(--secondary-label-fg); font-size:14px; font-weight:400; line-height:1.45
src/styles.css:4124	client-workouts-identity	static_only			.client-workouts-identity .state-panel-action	width:100%; margin-top:12px
src/styles.css:4125	client-workouts-identity	static_only			.client-workouts-identity .state-panel-action .button, .client-workouts-identity .state-panel-action button	width:100%; min-height:48px; border:0; border-radius:14px; background:var(--mono-primary); color:var(--mono-on-primary); font-size:14px; font-weight:500; box-shadow:none
src/styles.css:4127	client-workouts-identity	static_only			.client-workouts-identity .state-panel-error	border:1px solid var(--border)
src/styles.css:4128	client-workouts-identity	static_only			.client-workouts-identity .state-panel-error .state-panel-mark	color:var(--danger); background:var(--surface-sunken)
src/styles.css:4129	client-workouts-identity	static_only			.client-workouts-identity .state-panel-error p	color:var(--danger)
src/styles.css:4130	client-workouts-identity	static_only			.client-workouts-identity .skeleton-stack	gap:12px
src/styles.css:4131	client-workouts-identity	static_only			.client-workouts-identity .skeleton-card	min-height:96px; padding:18px; border-color:var(--border); border-radius:18px; background:var(--surface-raised); box-shadow:none
src/styles.css:4132	client-workouts-identity	static_only			.client-workouts-identity .skeleton-block	background:var(--surface-sunken)
src/styles.css:4134	client-workouts-identity	matched_in_runtime	/me/workouts		.client-workouts-identity .tab-bar	width:min(100%,440px); padding:8px 8px calc(8px + env(safe-area-inset-bottom)); border:0; border-top:1px solid var(--border); border-radius:0; background:var(--bar-bg); box-shadow:none; transform:translateX(-50%)
src/styles.css:4135	client-workouts-identity	matched_in_runtime	/me/workouts		.client-workouts-identity .tab-bar a	min-height:48px; gap:3px; padding:5px 3px; border-radius:10px; color:var(--muted); font-size:12px; font-weight:500
src/styles.css:4136	client-workouts-identity	static_only			.client-workouts-identity .tab-bar a svg	width:20px; height:20px; opacity:1; transform:none
src/styles.css:4137	client-workouts-identity	matched_in_runtime	/me/workouts		.client-workouts-identity .tab-bar a.active	background:transparent; color:var(--fg); font-weight:500
src/styles.css:4138	client-workouts-identity	static_only			.client-workouts-identity .tab-bar a.active svg	transform:none
src/styles.css:4141	client-workouts-identity	matched_in_runtime	/me/workouts		.client-workouts-identity .content	padding-bottom:0
src/styles.css:4142	client-workouts-identity	matched_in_runtime	/me/workouts		.client-workouts-identity .tab-bar	position:static; width:100%; transform:none
src/styles.css:4145	client-workouts-identity	affects_computed_style	/me/workouts	padding-top,padding-bottom	.client-workouts-identity .client-workouts-page, .client-workouts-identity .trainer-client-workouts-page	padding-inline:14px
src/styles.css:4147	client-workouts-identity	affects_computed_style	/me/workouts	border-top-left-radius,border-top-right-radius,background-color	.client-workouts-identity .client-workout-card, .client-workouts-identity .past-workout-plan-card, .client-workouts-identity .workout-chronicle-card	padding-inline:16px
src/styles.css:4151	client-workouts-identity	static_only			.client-workouts-identity .client-history-section-head	grid-template-columns:1fr; align-items:stretch
src/styles.css:4152	client-workouts-identity	static_only			.client-workouts-identity .client-history-view-toggle	width:100%
src/styles.css:4153	client-workouts-identity	static_only			.client-workouts-identity .client-history-calendar	padding-inline:12px
src/styles.css:4157	client-profile-shell-identity	matched_in_runtime	/me/profile,/me/settings		.client-profile-shell-identity	border-color:var(--frame-border); background:var(--bg); box-shadow:none
src/styles.css:4158	client-profile-shell-identity	matched_in_runtime	/me/profile,/me/settings		.client-profile-shell-identity .content	padding-bottom:calc(82px + env(safe-area-inset-bottom)); background:var(--bg)
src/styles.css:4159	client-profile-shell-identity	affects_computed_style	/me/profile,/me/settings	padding-top,padding-bottom	.client-profile-shell-identity .client-profile-page	gap:12px; padding:max(12px, calc(24px - env(safe-area-inset-top))) 16px 28px
src/styles.css:4160	client-profile-shell-identity	affects_computed_style	/me/profile,/me/settings	min-height	.client-profile-shell-identity .client-profile-page > .page-header	min-height:44px; margin-bottom:4px
src/styles.css:4161	client-profile-shell-identity	matched_in_runtime	/me/profile,/me/settings		.client-profile-shell-identity .client-profile-page > .page-header h1	font-size:24px; font-weight:600; line-height:1.12; letter-spacing:-.018em
src/styles.css:4163	client-profile-shell-identity	affects_computed_style	/me/profile,/me/settings	border-top-left-radius,border-top-right-radius,background-color	.client-profile-shell-identity .client-profile-card, .client-profile-shell-identity .client-home-connections, .client-profile-shell-identity .body-map-appearance-setting, .client-profile-shell-identity .profile-settings, .client-profile-shell-identity .yandex-account-linking-card, .client-profile-shell-identity .menu, .client-profile-shell-identity .app-install-card, .client-profile-shell-identity .app-feedback-card	margin:0; border:1px solid var(--border); border-radius:18px; background:var(--surface-raised); box-shadow:none
src/styles.css:4171	client-profile-shell-identity	matched_in_runtime	/me/profile		.client-profile-shell-identity .client-profile-card	gap:12px; padding:16px
src/styles.css:4172	client-profile-shell-identity	static_only			.client-profile-shell-identity .client-profile-identity	gap:12px
src/styles.css:4173	client-profile-shell-identity	affects_computed_style	/me/profile	border-top-left-radius,border-top-right-radius,background-color,color,font-size,font-weight	.client-profile-shell-identity .client-profile-avatar	width:44px; height:44px; border:1px solid var(--border); border-radius:14px; background:var(--surface-sunken); color:var(--fg); font-size:14px; font-weight:600
src/styles.css:4174	client-profile-shell-identity	affects_computed_style	/me/profile	font-size	.client-profile-shell-identity .client-profile-identity strong	color:var(--fg); font-size:18px; font-weight:600; line-height:1.2
src/styles.css:4175	client-profile-shell-identity	affects_computed_style	/me/profile	font-size,font-weight	.client-profile-shell-identity .client-profile-identity p	margin:4px 0 0; color:var(--secondary-label-fg); font-size:12px; font-weight:500; line-height:1.35
src/styles.css:4176	client-profile-shell-identity	affects_computed_style	/me/profile	padding-top,color,font-size,font-weight,text-decoration-line	.client-profile-shell-identity .client-profile-edit	min-height:44px; display:flex; align-items:center; justify-content:space-between; gap:8px; padding:8px 0 0; border-top:1px solid var(--border); color:var(--fg); font-size:14px; font-weight:500; text-decoration:none
src/styles.css:4177	client-profile-shell-identity	affects_computed_style	/me/profile	color	.client-profile-shell-identity .client-profile-edit svg	width:18px; height:18px; color:var(--secondary-label-fg)
src/styles.css:4178	client-profile-shell-identity	static_only			.client-profile-shell-identity .client-profile-edit:focus-visible	outline:2px solid var(--fg); outline-offset:2px
src/styles.css:4179	client-profile-shell-identity	affects_computed_style	/me/profile	background-color,color,text-decoration-line	.client-profile-shell-identity .profile-settings-link	min-height:44px; display:inline-flex; align-items:center; gap:8px; padding:0 12px; border:1px solid var(--border); border-radius:14px; background:var(--surface-raised); color:var(--fg); font-size:14px; font-weight:500; text-decoration:none
src/styles.css:4180	client-profile-shell-identity	static_only			.client-profile-shell-identity .profile-settings-link svg	width:18px; height:18px
src/styles.css:4181	client-profile-shell-identity	static_only			.client-profile-shell-identity .profile-settings-link:focus-visible	outline:2px solid var(--fg); outline-offset:2px
src/styles.css:4183	client-profile-shell-identity	affects_computed_style	/me/profile	padding-top,padding-bottom	.client-profile-shell-identity .client-home-connections	gap:12px; padding:18px
src/styles.css:4184	client-profile-shell-identity	static_only			.client-profile-shell-identity .client-home-section-head	align-items:center; gap:12px
src/styles.css:4185	client-profile-shell-identity	static_only			.client-profile-shell-identity .client-home-section-head > div	gap:4px
src/styles.css:4186	client-profile-shell-identity	affects_computed_style	/me/profile	color,font-size,font-weight	.client-profile-shell-identity .client-home-section-head .eyebrow	margin:0; color:var(--muted); font-size:12px; font-weight:500; line-height:1.3; letter-spacing:.06em
src/styles.css:4187	client-profile-shell-identity	affects_computed_style	/me/profile	font-size	.client-profile-shell-identity .client-home-section-head h2	color:var(--fg); font-size:18px; font-weight:600; line-height:1.2
src/styles.css:4188	client-profile-shell-identity	static_only			.client-profile-shell-identity .client-trainer-empty-description	margin:0 0 4px; color:var(--secondary-label-fg); font-size:14px; font-weight:400; line-height:1.45
src/styles.css:4189	client-profile-shell-identity	static_only			.client-profile-shell-identity .client-home-section-head .secondary	min-height:44px; padding:0 12px; border-color:var(--border); border-radius:14px; background:var(--surface-elevated); color:var(--fg); font-size:12px; font-weight:500; box-shadow:none
src/styles.css:4190	client-profile-shell-identity	static_only			.client-profile-shell-identity .client-home-connections > .muted	margin:0; color:var(--secondary-label-fg); font-size:14px; font-weight:400; line-height:1.45
src/styles.css:4191	client-profile-shell-identity	affects_computed_style	/me/profile	min-height,padding-top,padding-bottom,border-top-left-radius,border-top-right-radius,background-color	.client-profile-shell-identity .client-home-connections > .card, .client-profile-shell-identity .client-home-invitations .card	min-height:64px; padding:14px; border-color:var(--border); border-radius:14px; background:var(--surface-elevated); box-shadow:none
src/styles.css:4193	client-profile-shell-identity	static_only			.client-profile-shell-identity .client-home-connections .card:hover	border-color:var(--border); transform:none
src/styles.css:4194	client-profile-shell-identity	affects_computed_style	/me/profile	font-size	.client-profile-shell-identity .client-home-connections .card strong	color:var(--fg); font-size:14px; font-weight:600
src/styles.css:4195	client-profile-shell-identity	affects_computed_style	/me/profile	font-size,font-weight	.client-profile-shell-identity .client-home-connections .card p	color:var(--secondary-label-fg); font-size:12px; font-weight:500
src/styles.css:4196	client-profile-shell-identity	matched_in_runtime	/me/profile		.client-profile-shell-identity .client-trainer-connection-card	display:flex; align-items:center; gap:10px; padding:12px
src/styles.css:4197	client-profile-shell-identity	affects_computed_style	/me/profile	border-top-left-radius,border-top-right-radius,background-color,font-size,font-weight	.client-profile-shell-identity .client-trainer-avatar	width:40px; height:40px; display:grid; border:1px solid var(--border); border-radius:14px; background:var(--surface-sunken); color:var(--fg); font-size:12px; font-weight:600
src/styles.css:4199	client-profile-shell-identity	static_only			.client-profile-shell-identity .client-trainer-person strong	display:block; overflow:hidden
src/styles.css:4200	client-profile-shell-identity	matched_in_runtime	/me/profile		.client-profile-shell-identity .client-trainer-person p	margin:3px 0 0
src/styles.css:4201	client-profile-shell-identity	static_only			.client-profile-shell-identity .client-trainer-actions	align-items:center; gap:2px
src/styles.css:4202	client-profile-shell-identity	matched_in_runtime	/me/profile		.client-profile-shell-identity .client-trainer-actions .chat-start-wrap .link	min-height:44px; padding:0 4px; font-size:12px
src/styles.css:4203	client-profile-shell-identity	matched_in_runtime	/me/profile		.client-profile-shell-identity .client-trainer-actions .overflow-trigger	min-height:44px; padding:0; border:0; background:transparent
src/styles.css:4204	client-profile-shell-identity	static_only			.client-profile-shell-identity .client-trainer-actions .overflow-trigger svg	width:20px; height:20px
src/styles.css:4205	client-profile-shell-identity	matched_in_runtime	/me/profile		.client-profile-shell-identity .client-trainer-search	width:100%; min-height:48px; display:flex; align-items:center; justify-content:center; gap:8px; border-radius:14px; font-size:14px; font-weight:500; text-decoration:none
src/styles.css:4206	client-profile-shell-identity	static_only			.client-profile-shell-identity .client-trainer-search svg	width:18px; height:18px
src/styles.css:4207	client-profile-shell-identity	affects_computed_style	/me/profile	padding-top	.client-profile-shell-identity .client-trainer-invite-actions	display:grid; gap:8px; padding-top:8px; border-top:1px solid var(--border)
src/styles.css:4208	client-profile-shell-identity	affects_computed_style	/me/profile	color,font-size,font-weight	.client-profile-shell-identity .client-trainer-invite-actions p	margin:0; color:var(--secondary-label-fg); font-size:12px; font-weight:500
src/styles.css:4209	client-profile-shell-identity	affects_computed_style	/me/profile	color,font-size	.client-profile-shell-identity .client-trainer-invite-actions small	color:var(--secondary-label-fg); font-size:12px; line-height:1.4
src/styles.css:4210	client-profile-shell-identity	matched_in_runtime	/me/profile		.client-profile-shell-identity .client-trainer-invite-button	width:100%; min-height:48px; border-radius:14px; background:var(--surface-elevated); color:var(--fg); font-size:14px; font-weight:500
src/styles.css:4211	client-profile-shell-identity	matched_in_runtime	/me/profile		.client-profile-shell-identity .client-home-connections .link	min-height:44px; color:var(--fg); font-size:12px; font-weight:500
src/styles.css:4212	client-profile-shell-identity	static_only			.client-profile-shell-identity .client-home-connections .link.danger	color:var(--danger)
src/styles.css:4213	client-profile-shell-identity	static_only			.client-profile-shell-identity .client-home-invitations	gap:8px; background:transparent
src/styles.css:4214	client-profile-shell-identity	static_only			.client-profile-shell-identity .client-home-invitations h3	color:var(--secondary-label-fg); font-size:14px; font-weight:600
src/styles.css:4215	client-profile-shell-identity	static_only			.client-profile-shell-identity .client-trainer-disconnect-success	color:var(--success-fg); font-size:14px; font-weight:400
src/styles.css:4216	client-profile-shell-identity	static_only			.client-profile-shell-identity .client-home-connections .error	color:var(--danger); font-size:14px; font-weight:400
src/styles.css:4217	client-profile-shell-identity	matched_in_runtime	/me/profile		.client-profile-shell-identity .client-home-connections > div > .secondary	min-height:44px; border-radius:14px; background:var(--surface-elevated); color:var(--fg); font-size:14px; font-weight:500
src/styles.css:4219	client-profile-shell-identity	affects_computed_style	/me/settings	padding-top,padding-bottom	.client-profile-shell-identity .body-map-appearance-setting	gap:12px; padding:18px
src/styles.css:4220	client-profile-shell-identity	affects_computed_style	/me/settings	font-size,font-weight	.client-profile-shell-identity .body-map-appearance-setting > div:first-child strong	color:var(--fg); font-size:16px; font-weight:600; line-height:1.25
src/styles.css:4221	client-profile-shell-identity	affects_computed_style	/me/settings	font-weight	.client-profile-shell-identity .body-map-appearance-setting > div:first-child span, .client-profile-shell-identity .body-map-appearance-setting > small	color:var(--secondary-label-fg); font-size:12px; font-weight:500; line-height:1.4
src/styles.css:4223	client-profile-shell-identity	affects_computed_style	/me/settings	padding-top,padding-bottom,border-top-left-radius,border-top-right-radius,background-color	.client-profile-shell-identity .body-map-appearance-options	gap:3px; padding:3px; border-color:var(--border); border-radius:14px; background:var(--surface-sunken)
src/styles.css:4224	client-profile-shell-identity	affects_computed_style	/me/settings	font-weight	.client-profile-shell-identity .body-map-appearance-options button	min-height:44px; border-radius:10px; color:var(--muted); font-size:12px; font-weight:500
src/styles.css:4225	client-profile-shell-identity	static_only			.client-profile-shell-identity .body-map-appearance-options button[aria-checked='true']	background:var(--surface-elevated); color:var(--fg); box-shadow:none
src/styles.css:4226	client-profile-shell-identity	static_only			.client-profile-shell-identity .body-map-appearance-icon	opacity:1
src/styles.css:4228	client-profile-shell-identity	static_only			.client-profile-shell-identity .profile-settings	overflow:hidden
src/styles.css:4229	client-profile-shell-identity	affects_computed_style	/me/settings	min-height,padding-top,padding-bottom,font-size,font-weight	.client-profile-shell-identity .switch-row	min-height:64px; padding:10px 14px; color:var(--fg); font-size:14px; font-weight:500
src/styles.css:4230	client-profile-shell-identity	matched_in_runtime	/me/settings		.client-profile-shell-identity .switch-control	border-color:var(--border); background:var(--surface-sunken); box-shadow:none
src/styles.css:4231	client-profile-shell-identity	matched_in_runtime	/me/settings		.client-profile-shell-identity .switch-control::after	background:var(--surface-elevated); box-shadow:none
src/styles.css:4232	client-profile-shell-identity	matched_in_runtime	/me/settings		.client-profile-shell-identity .switch-input:checked + .switch-control	border-color:var(--mono-primary); background:var(--mono-primary); box-shadow:none
src/styles.css:4233	client-profile-shell-identity	matched_in_runtime	/me/settings		.client-profile-shell-identity .switch-input:checked + .switch-control::after	background:var(--mono-on-primary)
src/styles.css:4235	client-profile-shell-identity	matched_in_runtime	/me/settings		.client-profile-shell-identity .menu	overflow:hidden; border-block:1px solid var(--border)
src/styles.css:4236	client-profile-shell-identity	affects_computed_style	/me/settings	padding-top,padding-bottom,font-size,font-weight	.client-profile-shell-identity .menu a, .client-profile-shell-identity .menu > button	min-height:52px; padding:0 14px; border-color:var(--border); color:var(--fg); font-size:14px; font-weight:500
src/styles.css:4238	client-profile-shell-identity	static_only			.client-profile-shell-identity .menu a:hover, .client-profile-shell-identity .menu > button:hover	background:var(--surface-elevated)
src/styles.css:4240	client-profile-shell-identity	static_only			.client-profile-shell-identity .client-profile-page > .danger.secondary	min-height:48px; margin:0; border-color:var(--border); border-radius:14px; background:transparent; color:var(--danger); font-size:14px; font-weight:500; box-shadow:none
src/styles.css:4241	client-profile-shell-identity	affects_computed_style	/me/settings	border-top-left-radius,border-top-right-radius,background-color,color,font-size	.client-profile-shell-identity .settings-section > .danger.secondary	min-height:48px; margin:0; border-color:var(--border); border-radius:14px; background:transparent; color:var(--danger); font-size:14px; font-weight:500; box-shadow:none
src/styles.css:4243	client-profile-shell-identity	static_only			.client-profile-shell-identity .app-install-card, .client-profile-shell-identity .yandex-account-linking-card, .client-profile-shell-identity .app-feedback-card	gap:16px; padding:18px
src/styles.css:4246	client-profile-shell-identity	static_only			.client-profile-shell-identity .app-install-card .eyebrow, .client-profile-shell-identity .yandex-account-linking-card .eyebrow, .client-profile-shell-identity .app-feedback-card .eyebrow	color:var(--muted); font-size:12px; font-weight:500; letter-spacing:.06em
src/styles.css:4249	client-profile-shell-identity	static_only			.client-profile-shell-identity .app-install-card h2, .client-profile-shell-identity .yandex-account-linking-card h2, .client-profile-shell-identity .app-feedback-card h2	color:var(--fg); font-size:18px; font-weight:600; line-height:1.2
src/styles.css:4252	client-profile-shell-identity	static_only			.client-profile-shell-identity .app-install-head .link, .client-profile-shell-identity .app-feedback-head .link	min-height:44px; color:var(--fg); font-size:12px; font-weight:500
src/styles.css:4254	client-profile-shell-identity	static_only			.client-profile-shell-identity .app-install-copy, .client-profile-shell-identity .app-install-steps, .client-profile-shell-identity .yandex-account-linking-card p, .client-profile-shell-identity .app-feedback-context	color:var(--secondary-label-fg); font-size:12px; font-weight:500
src/styles.css:4258	client-profile-shell-identity	static_only			.client-profile-shell-identity .app-install-card .secondary, .client-profile-shell-identity .yandex-account-linking-card .secondary, .client-profile-shell-identity .app-feedback-card button	min-height:48px; border-radius:14px; font-size:14px; font-weight:500
src/styles.css:4261	client-profile-shell-identity	static_only			.client-profile-shell-identity .yandex-account-linking-card .secondary:disabled	background:var(--surface-sunken); color:var(--secondary-label-fg)
src/styles.css:4262	client-profile-shell-identity	static_only			.client-profile-shell-identity .yandex-account-linking-card .error	color:var(--danger); font-size:12px; font-weight:500
src/styles.css:4263	client-profile-shell-identity	static_only			.client-profile-shell-identity .app-feedback-kinds	gap:3px; padding:3px; border-color:var(--border); border-radius:14px; background:var(--surface-sunken)
src/styles.css:4264	client-profile-shell-identity	static_only			.client-profile-shell-identity .app-feedback-kinds button	min-height:44px; border-radius:10px; background:transparent; color:var(--muted); font-size:12px; font-weight:500
src/styles.css:4265	client-profile-shell-identity	static_only			.client-profile-shell-identity .app-feedback-kinds button.active	background:var(--surface-elevated); color:var(--fg); box-shadow:none
src/styles.css:4266	client-profile-shell-identity	static_only			.client-profile-shell-identity .app-feedback-card .field	color:var(--secondary-label-fg); font-size:12px; font-weight:500
src/styles.css:4267	client-profile-shell-identity	static_only			.client-profile-shell-identity .app-feedback-card textarea	min-height:122px; border-color:var(--border); border-radius:14px; background:var(--surface-sunken); color:var(--fg); font-size:16px; font-weight:400
src/styles.css:4268	client-profile-shell-identity	static_only			.client-profile-shell-identity .app-feedback-counter	color:var(--secondary-label-fg); font-size:12px; font-weight:500
src/styles.css:4269	client-profile-shell-identity	static_only			.client-profile-shell-identity .app-feedback-card .actions	gap:8px
src/styles.css:4270	client-profile-shell-identity	static_only			.client-profile-shell-identity .app-feedback-card .secondary	border-color:var(--border); background:transparent; color:var(--fg); box-shadow:none
src/styles.css:4271	client-profile-shell-identity	static_only			.client-profile-shell-identity .app-feedback-card .primary	border-color:var(--mono-primary); background:var(--mono-primary); color:var(--mono-on-primary); box-shadow:none
src/styles.css:4272	client-profile-shell-identity	static_only			.client-profile-shell-identity .app-feedback-card button:disabled	opacity:1; border-color:var(--border); background:var(--surface-sunken); color:var(--secondary-label-fg)
src/styles.css:4273	client-profile-shell-identity	static_only			.client-profile-shell-identity .app-feedback-sent > p:not(.eyebrow)	color:var(--secondary-label-fg); font-size:14px; font-weight:400
src/styles.css:4275	client-profile-shell-identity	static_only			.client-profile-shell-identity .state-panel	border-color:var(--border); border-radius:18px; background:var(--surface-raised); box-shadow:none
src/styles.css:4276	client-profile-shell-identity	static_only			.client-profile-shell-identity .state-panel-mark	border-radius:14px; background:var(--surface-sunken); color:var(--fg)
src/styles.css:4277	client-profile-shell-identity	static_only			.client-profile-shell-identity .state-panel h2	color:var(--fg); font-size:18px; font-weight:600
src/styles.css:4278	client-profile-shell-identity	static_only			.client-profile-shell-identity .state-panel p	color:var(--secondary-label-fg); font-size:14px; font-weight:400
src/styles.css:4279	client-profile-shell-identity	static_only			.client-profile-shell-identity .state-panel button	min-height:48px; border-radius:14px; font-size:14px; font-weight:500
src/styles.css:4280	client-profile-shell-identity	static_only			.client-profile-shell-identity .skeleton-card	border-color:var(--border); border-radius:18px; background:var(--surface-raised); box-shadow:none
src/styles.css:4281	client-profile-shell-identity	static_only			.client-profile-shell-identity .skeleton-block	background:var(--surface-sunken)
src/styles.css:4283	client-profile-shell-identity	matched_in_runtime	/me/profile,/me/settings		.client-profile-shell-identity .tab-bar	width:min(100%,440px); padding:8px 8px calc(8px + env(safe-area-inset-bottom)); border:0; border-top:1px solid var(--border); border-radius:0; background:var(--bar-bg); box-shadow:none; transform:translateX(-50%)
src/styles.css:4284	client-profile-shell-identity	matched_in_runtime	/me/profile,/me/settings		.client-profile-shell-identity .tab-bar a	min-height:48px; gap:3px; padding:5px 3px; border-radius:10px; color:var(--muted); font-size:12px; font-weight:500
src/styles.css:4285	client-profile-shell-identity	static_only			.client-profile-shell-identity .tab-bar a svg	width:20px; height:20px; opacity:1; transform:none
src/styles.css:4286	client-profile-shell-identity	matched_in_runtime	/me/profile		.client-profile-shell-identity .tab-bar a.active	background:transparent; color:var(--fg); font-weight:500
src/styles.css:4287	client-profile-shell-identity	static_only			.client-profile-shell-identity .tab-bar a.active svg	transform:none
src/styles.css:4290	client-profile-shell-identity	matched_in_runtime	/me/profile,/me/settings		.client-profile-shell-identity .content	padding-bottom:0
src/styles.css:4291	client-profile-shell-identity	matched_in_runtime	/me/profile,/me/settings		.client-profile-shell-identity .tab-bar	position:static; width:100%; transform:none
src/styles.css:4294	client-profile-shell-identity	affects_computed_style	/me/profile,/me/settings	padding-top,padding-bottom	.client-profile-shell-identity .client-profile-page	padding-inline:14px
src/styles.css:4295	client-profile-shell-identity	static_only			.client-profile-shell-identity .client-home-section-head	align-items:flex-start
src/styles.css:4302	client-card-edit-identity	matched_in_runtime	/me/edit		.client-card-edit-identity	border-color:var(--frame-border); background:var(--bg); box-shadow:none
src/styles.css:4303	client-card-edit-identity	matched_in_runtime	/me/edit		.client-card-edit-identity .content	padding-bottom:calc(82px + env(safe-area-inset-bottom)); background:var(--bg)
src/styles.css:4304	client-card-edit-identity	affects_computed_style	/me/edit	padding-top,padding-bottom	.client-card-edit-identity .client-self-edit-page	padding:max(12px, calc(24px - env(safe-area-inset-top))) 16px 28px
src/styles.css:4305	client-card-edit-identity	affects_computed_style	/me/edit	min-height	.client-card-edit-identity .client-self-edit-page > .page-header	min-height:44px; margin-bottom:16px
src/styles.css:4306	client-card-edit-identity	matched_in_runtime	/me/edit		.client-card-edit-identity .client-self-edit-page > .page-header h1	color:var(--fg); font-size:24px; font-weight:600; line-height:1.12; letter-spacing:-.018em
src/styles.css:4308	client-card-edit-identity	affects_computed_style	/me/edit	padding-bottom	.client-card-edit-identity .client-profile-form	gap:12px; padding:0
src/styles.css:4309	client-card-edit-identity	affects_computed_style	/me/edit	padding-top,padding-bottom,border-top-left-radius,border-top-right-radius,background-color	.client-card-edit-identity .client-form-section	gap:14px; padding:18px; border:1px solid var(--border); border-radius:18px; background:var(--surface-raised); box-shadow:none
src/styles.css:4310	client-card-edit-identity	affects_computed_style	/me/edit	padding-bottom	.client-card-edit-identity .client-form-section-head	gap:5px; padding:0 0 4px
src/styles.css:4311	client-card-edit-identity	affects_computed_style	/me/edit	color,font-weight	.client-card-edit-identity .client-form-section-head .eyebrow	color:var(--muted); font-size:12px; font-weight:500; line-height:1.3; letter-spacing:.06em
src/styles.css:4312	client-card-edit-identity	matched_in_runtime	/me/edit		.client-card-edit-identity .client-form-section-head h2	color:var(--fg); font-size:18px; font-weight:600; line-height:1.2; letter-spacing:-.012em
src/styles.css:4313	client-card-edit-identity	matched_in_runtime	/me/edit		.client-card-edit-identity .client-form-section-head p:last-child	color:var(--secondary-label-fg); font-size:14px; font-weight:400; line-height:1.45
src/styles.css:4315	client-card-edit-identity	matched_in_runtime	/me/edit		.client-card-edit-identity .client-profile-form .field	gap:6px; color:var(--secondary-label-fg)
src/styles.css:4316	client-card-edit-identity	affects_computed_style	/me/edit	font-size,font-weight	.client-card-edit-identity .client-profile-form .field > span, .client-card-edit-identity .client-profile-form .field > label	color:var(--secondary-label-fg); font-size:12px; font-weight:500; line-height:1.35
src/styles.css:4318	client-card-edit-identity	matched_in_runtime	/me/edit		.client-card-edit-identity .client-profile-form input, .client-card-edit-identity .client-profile-form select, .client-card-edit-identity .client-profile-form textarea	min-height:48px; border:1px solid var(--border); border-radius:14px; background:var(--surface-sunken); color:var(--fg); font-size:16px; font-weight:400; box-shadow:none
src/styles.css:4321	client-card-edit-identity	static_only			.client-card-edit-identity .client-profile-form select	height:48px
src/styles.css:4322	client-card-edit-identity	static_only			.client-card-edit-identity .client-profile-form textarea	min-height:96px; line-height:1.45
src/styles.css:4323	client-card-edit-identity	static_only			.client-card-edit-identity .client-profile-form input:focus, .client-card-edit-identity .client-profile-form select:focus, .client-card-edit-identity .client-profile-form textarea:focus	border-color:var(--mono-primary); outline:2px solid var(--accent-ring); outline-offset:1px
src/styles.css:4326	client-card-edit-identity	matched_in_runtime	/me/edit		.client-card-edit-identity .client-profile-form input::placeholder, .client-card-edit-identity .client-profile-form textarea::placeholder	color:var(--secondary-label-fg); opacity:1
src/styles.css:4328	client-card-edit-identity	static_only			.client-card-edit-identity .client-profile-form .field .error, .client-card-edit-identity .client-profile-form > .error	color:var(--danger); font-size:12px; font-weight:500; line-height:1.4
src/styles.css:4331	client-card-edit-identity	affects_computed_style	/me/edit	padding-top,padding-bottom	.client-card-edit-identity .client-profile-form .actions	display:grid; grid-template-columns:repeat(2,minmax(0,1fr)); gap:8px; margin:0; padding:4px 0 calc(4px + env(safe-area-inset-bottom)); background:transparent
src/styles.css:4332	client-card-edit-identity	affects_computed_style	/me/edit	border-top-left-radius,border-top-right-radius,font-size	.client-card-edit-identity .client-profile-form .actions button, .client-card-edit-identity .client-profile-form .actions button:last-child	min-height:48px; margin:0; border-radius:14px; font-size:14px; font-weight:500; box-shadow:none
src/styles.css:4334	client-card-edit-identity	affects_computed_style	/me/edit	background-color	.client-card-edit-identity .client-profile-form .actions .secondary	border:1px solid var(--border); background:transparent; color:var(--fg)
src/styles.css:4335	client-card-edit-identity	matched_in_runtime	/me/edit		.client-card-edit-identity .client-profile-form .actions .primary	border:1px solid var(--mono-primary); background:var(--mono-primary); color:var(--mono-on-primary)
src/styles.css:4336	client-card-edit-identity	static_only			.client-card-edit-identity .client-profile-form .actions button:disabled	opacity:1; border-color:var(--border); background:var(--surface-sunken); color:var(--secondary-label-fg)
src/styles.css:4338	client-card-edit-identity	static_only			.client-card-edit-identity .state-panel	margin:16px; border-color:var(--border); border-radius:18px; background:var(--surface-raised); box-shadow:none
src/styles.css:4339	client-card-edit-identity	static_only			.client-card-edit-identity .state-panel-mark	border-radius:14px; background:var(--surface-sunken); color:var(--fg)
src/styles.css:4340	client-card-edit-identity	static_only			.client-card-edit-identity .state-panel h2	color:var(--fg); font-size:18px; font-weight:600
src/styles.css:4341	client-card-edit-identity	static_only			.client-card-edit-identity .state-panel p	color:var(--secondary-label-fg); font-size:14px; font-weight:400
src/styles.css:4342	client-card-edit-identity	static_only			.client-card-edit-identity .state-panel-error .state-panel-mark, .client-card-edit-identity .state-panel-error p	color:var(--danger)
src/styles.css:4344	client-card-edit-identity	static_only			.client-card-edit-identity .state-panel button	min-height:48px; border-radius:14px; font-size:14px; font-weight:500
src/styles.css:4345	client-card-edit-identity	static_only			.client-card-edit-identity .skeleton-card	border-color:var(--border); border-radius:18px; background:var(--surface-raised); box-shadow:none
src/styles.css:4346	client-card-edit-identity	static_only			.client-card-edit-identity .skeleton-block	background:var(--surface-sunken)
src/styles.css:4348	client-card-edit-identity	matched_in_runtime	/me/edit		.client-card-edit-identity .tab-bar	width:min(100%,440px); padding:8px 8px calc(8px + env(safe-area-inset-bottom)); border:0; border-top:1px solid var(--border); border-radius:0; background:var(--bar-bg); box-shadow:none; transform:translateX(-50%)
src/styles.css:4349	client-card-edit-identity	matched_in_runtime	/me/edit		.client-card-edit-identity .tab-bar a	min-height:48px; gap:3px; padding:5px 3px; border-radius:10px; color:var(--muted); font-size:12px; font-weight:500
src/styles.css:4350	client-card-edit-identity	static_only			.client-card-edit-identity .tab-bar a svg	width:20px; height:20px; opacity:1; transform:none
src/styles.css:4351	client-card-edit-identity	static_only			.client-card-edit-identity .tab-bar a.active	background:transparent; color:var(--fg); font-weight:500
src/styles.css:4352	client-card-edit-identity	static_only			.client-card-edit-identity .tab-bar a.active svg	transform:none
src/styles.css:4355	client-card-edit-identity	matched_in_runtime	/me/edit		.client-card-edit-identity .content	padding-bottom:0
src/styles.css:4356	client-card-edit-identity	matched_in_runtime	/me/edit		.client-card-edit-identity .tab-bar	position:static; width:100%; transform:none
src/styles.css:4359	client-card-edit-identity	affects_computed_style	/me/edit	padding-top,padding-bottom	.client-card-edit-identity .client-self-edit-page	padding-inline:14px
src/styles.css:4360	client-card-edit-identity	affects_computed_style	/me/edit	padding-top,padding-bottom,border-top-left-radius,border-top-right-radius,background-color	.client-card-edit-identity .client-form-section	padding-inline:16px
src/styles.css:4365	workout-create-edit-identity	matched_in_runtime	/workouts/new,/workouts/10000000-0000-4000-8000-000000000003/edit		.workout-create-edit-identity	border-color:var(--frame-border); background:var(--bg); box-shadow:none
src/styles.css:4366	workout-create-edit-identity	matched_in_runtime	/workouts/new,/workouts/10000000-0000-4000-8000-000000000003/edit		.workout-create-edit-identity .content-immersive	background:var(--bg)
src/styles.css:4367	workout-create-edit-identity	matched_in_runtime	/workouts/new,/workouts/10000000-0000-4000-8000-000000000003/edit		.workout-create-edit-identity .workout-form-page, .workout-create-edit-identity .today-start-page	padding:max(12px, calc(24px - env(safe-area-inset-top))) 16px 28px
src/styles.css:4369	workout-create-edit-identity	affects_computed_style	/workouts/new,/workouts/10000000-0000-4000-8000-000000000003/edit	min-height	.workout-create-edit-identity .workout-focused-page > .page-header	min-height:44px; margin-bottom:8px
src/styles.css:4370	workout-create-edit-identity	affects_computed_style	/workouts/new,/workouts/10000000-0000-4000-8000-000000000003/edit	border-top-left-radius,border-top-right-radius,background-color	.workout-create-edit-identity .workout-focused-page > .page-header .page-back	width:44px; height:44px; min-height:44px; border:1px solid var(--border); border-radius:14px; background:var(--surface-raised); color:var(--fg); box-shadow:none
src/styles.css:4371	workout-create-edit-identity	static_only			.workout-create-edit-identity .workout-focused-page > .page-header .page-back svg	width:20px; height:20px
src/styles.css:4373	workout-create-edit-identity	matched_in_runtime	/workouts/new,/workouts/10000000-0000-4000-8000-000000000003/edit		.workout-create-edit-identity .workout-header-contract	gap:12px; margin:0 0 16px; padding:0 0 16px; border-color:var(--border)
src/styles.css:4374	workout-create-edit-identity	static_only			.workout-create-edit-identity .workout-header-copy	gap:4px
src/styles.css:4375	workout-create-edit-identity	matched_in_runtime	/workouts/new,/workouts/10000000-0000-4000-8000-000000000003/edit		.workout-create-edit-identity .workout-header-eyebrow	color:var(--muted); font-size:12px; font-weight:500; line-height:1.3; letter-spacing:.06em
src/styles.css:4376	workout-create-edit-identity	matched_in_runtime	/workouts/new,/workouts/10000000-0000-4000-8000-000000000003/edit		.workout-create-edit-identity .workout-header-contract h2	color:var(--fg); font-size:24px; font-weight:600; line-height:1.12; letter-spacing:-.018em
src/styles.css:4377	workout-create-edit-identity	affects_computed_style	/workouts/new,/workouts/10000000-0000-4000-8000-000000000003/edit	font-weight	.workout-create-edit-identity .workout-header-meta	color:var(--secondary-label-fg); font-size:12px; font-weight:500; line-height:1.35
src/styles.css:4378	workout-create-edit-identity	affects_computed_style	/workouts/10000000-0000-4000-8000-000000000003/edit	min-height,padding-top,padding-bottom,border-top-left-radius,border-top-right-radius,background-color,font-weight	.workout-create-edit-identity .workout-status	min-height:28px; padding:0 9px; border-color:var(--border); border-radius:10px; background:var(--surface-sunken); color:var(--secondary-label-fg); font-size:12px; font-weight:500
src/styles.css:4380	workout-create-edit-identity	affects_computed_style	/workouts/new,/workouts/10000000-0000-4000-8000-000000000003/edit	font-size,border-top-left-radius,border-top-right-radius	.workout-create-edit-identity button, .workout-create-edit-identity .button	min-height:48px; border-radius:14px; font-size:14px; font-weight:500
src/styles.css:4382	workout-create-edit-identity	static_only			.workout-create-edit-identity button.primary, .workout-create-edit-identity .button.primary, .workout-create-edit-identity .workout-cta[data-variant='primary']	border-color:var(--mono-primary); background:var(--mono-primary); color:var(--mono-on-primary); box-shadow:none
src/styles.css:4385	workout-create-edit-identity	matched_in_runtime	/workouts/new,/workouts/10000000-0000-4000-8000-000000000003/edit		.workout-create-edit-identity button.secondary, .workout-create-edit-identity .button.secondary	border-color:var(--border); background:var(--surface-elevated); color:var(--fg); box-shadow:none
src/styles.css:4387	workout-create-edit-identity	affects_computed_style	/workouts/new,/workouts/10000000-0000-4000-8000-000000000003/edit	min-height	.workout-create-edit-identity button.link	min-height:44px; padding-inline:0; border:0; background:transparent; color:var(--fg); box-shadow:none
src/styles.css:4388	workout-create-edit-identity	static_only			.workout-create-edit-identity button:disabled, .workout-create-edit-identity .button[aria-disabled='true'], .workout-create-edit-identity .workout-cta:disabled	opacity:1; border-color:var(--border); background:var(--surface-sunken); color:var(--secondary-label-fg); box-shadow:none
src/styles.css:4392	workout-create-edit-identity	affects_computed_style	/workouts/new,/workouts/10000000-0000-4000-8000-000000000003/edit	padding-bottom	.workout-create-edit-identity .workout-form	gap:20px; padding-bottom:calc(84px + env(safe-area-inset-bottom))
src/styles.css:4393	workout-create-edit-identity	matched_in_runtime	/workouts/new,/workouts/10000000-0000-4000-8000-000000000003/edit		.workout-create-edit-identity .workout-form-section, .workout-create-edit-identity .workout-form-page .workout-form-section:first-child	gap:14px; padding:18px; border:1px solid var(--border); border-radius:18px; background:var(--surface-raised); box-shadow:none
src/styles.css:4396	workout-create-edit-identity	matched_in_runtime	/workouts/new,/workouts/10000000-0000-4000-8000-000000000003/edit		.workout-create-edit-identity .workout-form-section-head	gap:4px; padding:0
src/styles.css:4397	workout-create-edit-identity	matched_in_runtime	/workouts/new,/workouts/10000000-0000-4000-8000-000000000003/edit		.workout-create-edit-identity .workout-form-section-head .eyebrow	color:var(--muted); font-size:12px; font-weight:500; line-height:1.3; letter-spacing:.06em
src/styles.css:4398	workout-create-edit-identity	matched_in_runtime	/workouts/new,/workouts/10000000-0000-4000-8000-000000000003/edit		.workout-create-edit-identity .workout-form-section-head h2, .workout-create-edit-identity .workout-form-exercises .workout-form-exercise-heading h2	color:var(--fg); font-size:18px; font-weight:600; line-height:1.2; letter-spacing:-.012em
src/styles.css:4400	workout-create-edit-identity	affects_computed_style	/workouts/new,/workouts/10000000-0000-4000-8000-000000000003/edit	font-size	.workout-create-edit-identity .workout-form .field	gap:6px; color:var(--secondary-label-fg); font-size:12px; font-weight:500
src/styles.css:4401	workout-create-edit-identity	matched_in_runtime	/workouts/new,/workouts/10000000-0000-4000-8000-000000000003/edit		.workout-create-edit-identity .workout-form .field input, .workout-create-edit-identity .workout-form .field select, .workout-create-edit-identity .workout-form .field textarea, .workout-create-edit-identity .client-picker-trigger	min-height:48px; border:1px solid var(--border); border-radius:14px; background:var(--surface-sunken); color:var(--fg); font-size:16px; font-weight:400; box-shadow:none
src/styles.css:4405	workout-create-edit-identity	static_only			.workout-create-edit-identity .workout-form .field input:focus, .workout-create-edit-identity .workout-form .field select:focus, .workout-create-edit-identity .workout-form .field textarea:focus, .workout-create-edit-identity .client-picker-trigger:focus-visible	border-color:var(--mono-primary); outline:2px solid var(--accent-ring); outline-offset:1px; box-shadow:none
src/styles.css:4409	workout-create-edit-identity	static_only			.workout-create-edit-identity .client-picker-label	color:var(--secondary-label-fg); font-size:12px; font-weight:500
src/styles.css:4410	workout-create-edit-identity	static_only			.workout-create-edit-identity .client-picker-avatar	border-radius:10px; color:var(--fg); font-size:14px; font-weight:600
src/styles.css:4411	workout-create-edit-identity	matched_in_runtime	/workouts/new		.workout-create-edit-identity .workout-record-mode, .workout-create-edit-identity .today-record-mode	gap:3px; padding:3px; border-color:var(--border); border-radius:14px; background:var(--surface-sunken)
src/styles.css:4413	workout-create-edit-identity	matched_in_runtime	/workouts/new		.workout-create-edit-identity .workout-record-mode button, .workout-create-edit-identity .today-record-mode button	min-height:44px; border:0; border-radius:10px; background:transparent; color:var(--muted); font-size:12px; font-weight:500
src/styles.css:4415	workout-create-edit-identity	matched_in_runtime	/workouts/new		.workout-create-edit-identity .workout-record-mode button.active, .workout-create-edit-identity .today-record-mode button.active	background:var(--surface-elevated); color:var(--fg); box-shadow:none
src/styles.css:4417	workout-create-edit-identity	affects_computed_style	/workouts/new,/workouts/10000000-0000-4000-8000-000000000003/edit	font-size,font-weight	.workout-create-edit-identity .workout-end-time > .link, .workout-create-edit-identity .workout-add-end-time	color:var(--fg); font-size:12px; font-weight:500
src/styles.css:4419	workout-create-edit-identity	matched_in_runtime	/workouts/new,/workouts/10000000-0000-4000-8000-000000000003/edit		.workout-create-edit-identity .workout-notes	border-color:var(--border)
src/styles.css:4420	workout-create-edit-identity	affects_computed_style	/workouts/new,/workouts/10000000-0000-4000-8000-000000000003/edit	font-size,font-weight	.workout-create-edit-identity .workout-notes summary	min-height:48px; color:var(--fg); font-size:14px; font-weight:500
src/styles.css:4421	workout-create-edit-identity	affects_computed_style	/workouts/new,/workouts/10000000-0000-4000-8000-000000000003/edit	font-size	.workout-create-edit-identity .workout-notes summary span	color:var(--secondary-label-fg); font-size:12px; font-weight:500
src/styles.css:4422	workout-create-edit-identity	matched_in_runtime	/workouts/new,/workouts/10000000-0000-4000-8000-000000000003/edit		.workout-create-edit-identity .workout-notes summary::after	width:8px; height:8px; margin:0 3px 4px 10px; border-right:1.5px solid var(--muted); border-bottom:1.5px solid var(--muted); transform:rotate(45deg)
src/styles.css:4423	workout-create-edit-identity	static_only			.workout-create-edit-identity .workout-notes[open] summary::after	margin-bottom:-4px; transform:rotate(225deg)
src/styles.css:4425	workout-create-edit-identity	static_only			.workout-create-edit-identity .workout-form-exercises	gap:12px
src/styles.css:4426	workout-create-edit-identity	static_only			.workout-create-edit-identity .quick-workout-entry	gap:8px
src/styles.css:4427	workout-create-edit-identity	affects_computed_style	/workouts/new,/workouts/10000000-0000-4000-8000-000000000003/edit	padding-top,padding-bottom	.workout-create-edit-identity .workout-composer-card	padding:14px; border-color:var(--border); border-radius:18px; background:var(--surface-elevated); box-shadow:none
src/styles.css:4428	workout-create-edit-identity	affects_computed_style	/workouts/new,/workouts/10000000-0000-4000-8000-000000000003/edit	color,font-size	.workout-create-edit-identity .workout-composer-card .voice-note-field > label	color:var(--secondary-label-fg); font-size:12px; font-weight:500
src/styles.css:4429	workout-create-edit-identity	affects_computed_style	/workouts/new,/workouts/10000000-0000-4000-8000-000000000003/edit	padding-top,padding-bottom	.workout-create-edit-identity .workout-composer-card .voice-note-field textarea	min-height:120px; padding:10px 12px; border:1px solid var(--border); border-radius:14px; background:var(--surface-sunken); color:var(--fg); font-size:16px; font-weight:400; line-height:1.45
src/styles.css:4430	workout-create-edit-identity	static_only			.workout-create-edit-identity .workout-composer-card .voice-note-field textarea:focus	border-color:var(--mono-primary); outline:2px solid var(--accent-ring); outline-offset:1px
src/styles.css:4431	workout-create-edit-identity	matched_in_runtime	/workouts/new,/workouts/10000000-0000-4000-8000-000000000003/edit		.workout-create-edit-identity .workout-composer-card .voice-input, .workout-create-edit-identity .workout-composer-clear	min-height:44px; border-color:var(--border)
src/styles.css:4433	workout-create-edit-identity	matched_in_runtime	/workouts/new,/workouts/10000000-0000-4000-8000-000000000003/edit		.workout-create-edit-identity .workout-composer-card .voice-input-button, .workout-create-edit-identity .workout-composer-clear .link	min-height:44px; color:var(--fg); font-size:12px; font-weight:500
src/styles.css:4435	workout-create-edit-identity	affects_computed_style	/workouts/new,/workouts/10000000-0000-4000-8000-000000000003/edit	color,font-size,font-weight	.workout-create-edit-identity .workout-composer-hint, .workout-create-edit-identity .workout-empty-hint	color:var(--secondary-label-fg); font-size:12px; font-weight:500; line-height:1.4
src/styles.css:4437	workout-create-edit-identity	static_only			.workout-create-edit-identity .workout-composer-actions	gap:8px
src/styles.css:4438	workout-create-edit-identity	static_only			.workout-create-edit-identity .workout-composer-actions > button	min-height:48px
src/styles.css:4439	workout-create-edit-identity	matched_in_runtime	/workouts/new,/workouts/10000000-0000-4000-8000-000000000003/edit		.workout-create-edit-identity .quick-workout-add	border-color:var(--border); background:var(--surface-sunken); color:var(--fg)
src/styles.css:4440	workout-create-edit-identity	static_only			.workout-create-edit-identity .quick-workout-preview	border-color:var(--border); border-radius:14px; background:var(--surface-sunken); color:var(--fg)
src/styles.css:4441	workout-create-edit-identity	static_only			.workout-create-edit-identity .quick-workout-clarification p	color:var(--secondary-label-fg); font-size:14px; font-weight:400
src/styles.css:4442	workout-create-edit-identity	static_only			.workout-create-edit-identity .quick-workout-unparsed	color:var(--warning-fg)
src/styles.css:4444	workout-create-edit-identity	static_only			.workout-create-edit-identity .workout-form-exercises .planned-exercise, .workout-create-edit-identity .exercise-block	margin:0; padding:16px; border:1px solid var(--border); border-radius:18px; background:var(--surface-elevated); box-shadow:none
src/styles.css:4446	workout-create-edit-identity	static_only			.workout-create-edit-identity .workout-form-exercises .planned-exercise + .planned-exercise, .workout-create-edit-identity .workout-form-exercises .exercise-block + .planned-exercise, .workout-create-edit-identity .workout-form-exercises .planned-exercise + .exercise-block	margin-top:8px
src/styles.css:4449	workout-create-edit-identity	static_only			.workout-create-edit-identity .compact-editor-exercise-toggle strong, .workout-create-edit-identity .block-exercise-head strong	color:var(--fg); font-size:16px; font-weight:600
src/styles.css:4451	workout-create-edit-identity	static_only			.workout-create-edit-identity .compact-editor-exercise-summary, .workout-create-edit-identity .compact-editor-exercise-options, .workout-create-edit-identity .exercise-prefill-note, .workout-create-edit-identity .workout-set-table-head	color:var(--secondary-label-fg); font-size:12px; font-weight:500
src/styles.css:4455	workout-create-edit-identity	static_only			.workout-create-edit-identity .planned-set-input, .workout-create-edit-identity .planned-set-rpe, .workout-create-edit-identity .exercise-block select, .workout-create-edit-identity .exercise-block input	min-height:44px; border-color:var(--border); border-radius:10px; background:var(--surface-sunken); color:var(--fg); font-size:14px; font-weight:500; box-shadow:none
src/styles.css:4459	workout-create-edit-identity	static_only			.workout-create-edit-identity .workout-duration-part input, .workout-create-edit-identity .run-distance-control input, .workout-create-edit-identity .run-distance-unit	font-size:16px; font-weight:400
src/styles.css:4462	workout-create-edit-identity	static_only			.workout-create-edit-identity .planned-exercise .set-add-row > .secondary, .workout-create-edit-identity .workout-editor-footer > .secondary	min-height:44px; border-color:var(--border); background:transparent; color:var(--fg); font-size:12px; font-weight:500
src/styles.css:4464	workout-create-edit-identity	static_only			.workout-create-edit-identity .workout-editor-footer	gap:8px; margin-top:12px
src/styles.css:4465	workout-create-edit-identity	affects_computed_style	/workouts/new,/workouts/10000000-0000-4000-8000-000000000003/edit	padding-top,padding-bottom	.workout-create-edit-identity .workout-form .workout-action-row	padding:10px 16px calc(10px + env(safe-area-inset-bottom)); border-top:1px solid var(--border); background:var(--bar-bg); box-shadow:none
src/styles.css:4466	workout-create-edit-identity	affects_computed_style	/workouts/new,/workouts/10000000-0000-4000-8000-000000000003/edit	font-size	.workout-create-edit-identity .workout-form .workout-action-row .workout-cta	min-height:48px; border-radius:14px; font-size:14px; font-weight:500
src/styles.css:4468	workout-create-edit-identity	static_only			.workout-create-edit-identity .today-review	gap:12px
src/styles.css:4469	workout-create-edit-identity	static_only			.workout-create-edit-identity .today-start-page > .page-header	display:none
src/styles.css:4470	workout-create-edit-identity	static_only			.workout-create-edit-identity .today-review-head	gap:4px; padding:0
src/styles.css:4471	workout-create-edit-identity	static_only			.workout-create-edit-identity .today-review-back	justify-self:start; min-height:44px; color:var(--fg); font-size:12px; font-weight:500
src/styles.css:4472	workout-create-edit-identity	static_only			.workout-create-edit-identity .today-review-order-toolbar > .link, .workout-create-edit-identity .today-review-order-toolbar .reorder-mode	color:var(--fg); font-size:12px; font-weight:500
src/styles.css:4474	workout-create-edit-identity	static_only			.workout-create-edit-identity .today-exercise-list	gap:0; overflow:hidden; padding:0 16px; border:1px solid var(--border); border-radius:18px; background:var(--surface-raised)
src/styles.css:4475	workout-create-edit-identity	static_only			.workout-create-edit-identity .today-exercise.planned-exercise	align-items:stretch; justify-content:stretch; padding:16px 0; border-color:var(--border)
src/styles.css:4476	workout-create-edit-identity	static_only			.workout-create-edit-identity .today-exercise-title strong	color:var(--fg); font-size:16px; font-weight:600
src/styles.css:4477	workout-create-edit-identity	static_only			.workout-create-edit-identity .today-exercise > p	color:var(--secondary-label-fg); font-size:14px; font-weight:400
src/styles.css:4478	workout-create-edit-identity	static_only			.workout-create-edit-identity .today-exercise p.today-exercise-missing	color:var(--warning-fg); font-weight:500
src/styles.css:4479	workout-create-edit-identity	static_only			.workout-create-edit-identity .today-exercise .icon-button	width:44px; min-height:44px; border:0; border-radius:14px; background:transparent; color:var(--danger); font-size:22px
src/styles.css:4480	workout-create-edit-identity	static_only			.workout-create-edit-identity .today-exercise .icon-button svg, .workout-create-edit-identity .planned-set-remove svg	width:18px; height:18px
src/styles.css:4482	workout-create-edit-identity	static_only			.workout-create-edit-identity .today-exercise-editor summary, .workout-create-edit-identity .today-exercise-actions .link	min-height:44px; color:var(--fg); font-size:12px; font-weight:500
src/styles.css:4484	workout-create-edit-identity	static_only			.workout-create-edit-identity .today-empty	border-color:var(--border); border-radius:18px; background:var(--surface-raised); box-shadow:none
src/styles.css:4485	workout-create-edit-identity	static_only			.workout-create-edit-identity .today-empty p	color:var(--secondary-label-fg); font-size:14px; font-weight:400
src/styles.css:4486	workout-create-edit-identity	static_only			.workout-create-edit-identity .today-review-next	min-height:48px; border-radius:14px
src/styles.css:4487	workout-create-edit-identity	static_only			.workout-create-edit-identity .today-undo-remove	border-color:var(--border); border-radius:14px; background:var(--surface-raised); color:var(--fg)
src/styles.css:4489	workout-create-edit-identity	static_only			.workout-create-edit-identity .today-assignment	gap:16px; padding:18px; border:1px solid var(--border); border-radius:18px; background:var(--surface-raised); box-shadow:none
src/styles.css:4490	workout-create-edit-identity	static_only			.workout-create-edit-identity .today-assignment-self, .workout-create-edit-identity .today-save-question	color:var(--fg); font-size:14px; font-weight:500; line-height:1.4
src/styles.css:4492	workout-create-edit-identity	static_only			.workout-create-edit-identity .today-assignment-self	margin:0; padding:14px; border:1px solid var(--border); border-radius:14px; background:var(--surface-sunken)
src/styles.css:4493	workout-create-edit-identity	static_only			.workout-create-edit-identity .today-save-actions	gap:12px
src/styles.css:4494	workout-create-edit-identity	static_only			.workout-create-edit-identity .today-date-field	gap:6px; color:var(--secondary-label-fg); font-size:12px; font-weight:500
src/styles.css:4495	workout-create-edit-identity	static_only			.workout-create-edit-identity .today-date-field input	min-height:48px; border-color:var(--border); border-radius:14px; background:var(--surface-sunken); color:var(--fg); font-size:16px; font-weight:400
src/styles.css:4496	workout-create-edit-identity	static_only			.workout-create-edit-identity .today-save-actions .workout-cta	min-height:48px; border-radius:14px; font-size:14px; font-weight:500
src/styles.css:4498	workout-create-edit-identity	static_only			.workout-create-edit-identity .sheet-overlay, .workout-create-edit-identity .modal-overlay	background:color-mix(in srgb, var(--bg) 76%, transparent)
src/styles.css:4500	workout-create-edit-identity	static_only			.workout-create-edit-identity .exercise-picker, .workout-create-edit-identity .client-picker, .workout-create-edit-identity .exercise-settings-sheet, .workout-create-edit-identity .modal-dialog	border-color:var(--border); background:var(--surface-elevated); box-shadow:none
src/styles.css:4504	workout-create-edit-identity	static_only			.workout-create-edit-identity .client-picker, .workout-create-edit-identity .exercise-picker, .workout-create-edit-identity .exercise-settings-sheet	border-radius:18px 18px 0 0
src/styles.css:4507	workout-create-edit-identity	static_only			.workout-create-edit-identity .picker-header h1, .workout-create-edit-identity .picker-header h2	color:var(--fg); font-size:18px; font-weight:600
src/styles.css:4509	workout-create-edit-identity	static_only			.workout-create-edit-identity .picker-close	width:44px; height:44px; border-radius:14px; color:var(--fg)
src/styles.css:4510	workout-create-edit-identity	static_only			.workout-create-edit-identity .picker-search	min-height:48px; border-color:var(--border); border-radius:14px; background:var(--surface-sunken); color:var(--fg); font-size:16px; font-weight:400
src/styles.css:4511	workout-create-edit-identity	static_only			.workout-create-edit-identity .picker-category, .workout-create-edit-identity .picker-muscle, .workout-create-edit-identity .picker-equipment-option	min-height:44px; border-color:var(--border); border-radius:14px; background:var(--surface-sunken); color:var(--secondary-label-fg); font-size:12px; font-weight:500
src/styles.css:4514	workout-create-edit-identity	static_only			.workout-create-edit-identity .picker-category.active, .workout-create-edit-identity .picker-muscle.active, .workout-create-edit-identity .picker-equipment-option.active	border-color:var(--border); background:var(--surface-raised); color:var(--fg)
src/styles.css:4517	workout-create-edit-identity	static_only			.workout-create-edit-identity .picker-item	min-height:64px; border-color:var(--border); border-radius:14px; background:var(--surface-raised); color:var(--fg); font-size:14px; font-weight:500
src/styles.css:4518	workout-create-edit-identity	static_only			.workout-create-edit-identity .picker-item.selected	border-color:var(--mono-primary); background:var(--surface-sunken)
src/styles.css:4519	workout-create-edit-identity	static_only			.workout-create-edit-identity .picker-select-mark	border-color:var(--border); border-radius:10px; color:var(--muted)
src/styles.css:4520	workout-create-edit-identity	static_only			.workout-create-edit-identity .picker-item.selected .picker-select-mark	border-color:var(--mono-primary); background:var(--mono-primary); color:var(--mono-on-primary)
src/styles.css:4521	workout-create-edit-identity	static_only			.workout-create-edit-identity .picker-create	border-color:var(--border); background:transparent; color:var(--secondary-label-fg)
src/styles.css:4522	workout-create-edit-identity	static_only			.workout-create-edit-identity .state-panel	border-color:var(--border); border-radius:18px; background:var(--surface-raised); box-shadow:none
src/styles.css:4523	workout-create-edit-identity	static_only			.workout-create-edit-identity .state-panel-mark	border-radius:14px; background:var(--surface-sunken); color:var(--fg)
src/styles.css:4524	workout-create-edit-identity	static_only			.workout-create-edit-identity .state-panel h2	color:var(--fg); font-size:18px; font-weight:600
src/styles.css:4525	workout-create-edit-identity	static_only			.workout-create-edit-identity .state-panel p	color:var(--secondary-label-fg); font-size:14px; font-weight:400
src/styles.css:4528	workout-create-edit-identity	matched_in_runtime	/workouts/new,/workouts/10000000-0000-4000-8000-000000000003/edit		.workout-create-edit-identity .workout-form-page, .workout-create-edit-identity .today-start-page	padding-inline:14px
src/styles.css:4530	workout-create-edit-identity	static_only			.workout-create-edit-identity .workout-form-section, .workout-create-edit-identity .workout-form-page .workout-form-section:first-child, .workout-create-edit-identity .today-assignment	padding-inline:16px
src/styles.css:4536	workout-detail-history-identity	matched_in_runtime	/workouts/10000000-0000-4000-8000-000000000003,/workouts/10000000-0000-4000-8000-000000000003/history/fedb-barbell-squat		.workout-detail-history-identity	border-color:var(--frame-border); background:var(--bg); box-shadow:none
src/styles.css:4537	workout-detail-history-identity	matched_in_runtime	/workouts/10000000-0000-4000-8000-000000000003,/workouts/10000000-0000-4000-8000-000000000003/history/fedb-barbell-squat		.workout-detail-history-identity .content	background:var(--bg)
src/styles.css:4538	workout-detail-history-identity	affects_computed_style	/workouts/10000000-0000-4000-8000-000000000003,/workouts/10000000-0000-4000-8000-000000000003/history/fedb-barbell-squat	padding-top,padding-bottom	.workout-detail-history-identity .page	padding:16px 16px 28px
src/styles.css:4539	workout-detail-history-identity	matched_in_runtime	/workouts/10000000-0000-4000-8000-000000000003,/workouts/10000000-0000-4000-8000-000000000003/history/fedb-barbell-squat		.workout-detail-history-identity .page-header	min-height:44px; margin-bottom:12px
src/styles.css:4540	workout-detail-history-identity	matched_in_runtime	/workouts/10000000-0000-4000-8000-000000000003,/workouts/10000000-0000-4000-8000-000000000003/history/fedb-barbell-squat		.workout-detail-history-identity .page-header h1	color:var(--fg); font-size:24px; font-weight:600; letter-spacing:-.018em
src/styles.css:4541	workout-detail-history-identity	matched_in_runtime	/workouts/10000000-0000-4000-8000-000000000003,/workouts/10000000-0000-4000-8000-000000000003/history/fedb-barbell-squat		.workout-detail-history-identity .page-back	width:44px; height:44px; min-height:44px; border:1px solid var(--border); border-radius:14px; background:var(--surface-raised); color:var(--fg); box-shadow:none
src/styles.css:4542	workout-detail-history-identity	static_only			.workout-detail-history-identity .page-back svg	width:20px; height:20px
src/styles.css:4544	workout-detail-history-identity	affects_computed_style	/workouts/10000000-0000-4000-8000-000000000003,/workouts/10000000-0000-4000-8000-000000000003/history/fedb-barbell-squat	font-size	.workout-detail-history-identity button, .workout-detail-history-identity .button	min-height:48px; border-radius:14px; font-size:14px; font-weight:500
src/styles.css:4546	workout-detail-history-identity	static_only			.workout-detail-history-identity button.primary, .workout-detail-history-identity .button.primary, .workout-detail-history-identity .workout-cta[data-variant='primary']	border-color:var(--mono-primary); background:var(--mono-primary); color:var(--mono-on-primary); box-shadow:none
src/styles.css:4549	workout-detail-history-identity	matched_in_runtime	/workouts/10000000-0000-4000-8000-000000000003		.workout-detail-history-identity button.secondary, .workout-detail-history-identity .button.secondary	border-color:var(--border); background:var(--surface-elevated); color:var(--fg); box-shadow:none
src/styles.css:4553	workout-detail-history-identity	static_only			.workout-detail-history-identity button:disabled, .workout-detail-history-identity .button[aria-disabled='true']	opacity:1; border-color:var(--border); background:var(--surface-sunken); color:var(--secondary-label-fg); box-shadow:none
src/styles.css:4556	workout-detail-history-identity	matched_in_runtime	/workouts/10000000-0000-4000-8000-000000000003		.workout-detail-history-identity .workout-header-contract	gap:12px; margin-bottom:16px; padding-bottom:16px; border-color:var(--border)
src/styles.css:4557	workout-detail-history-identity	static_only			.workout-detail-history-identity .workout-header-copy	gap:4px
src/styles.css:4558	workout-detail-history-identity	matched_in_runtime	/workouts/10000000-0000-4000-8000-000000000003		.workout-detail-history-identity .workout-header-eyebrow	color:var(--muted); font-size:12px; font-weight:500; letter-spacing:.06em
src/styles.css:4559	workout-detail-history-identity	matched_in_runtime	/workouts/10000000-0000-4000-8000-000000000003		.workout-detail-history-identity .workout-header-contract h2	color:var(--fg); font-size:24px; font-weight:600; line-height:1.12; letter-spacing:-.018em
src/styles.css:4560	workout-detail-history-identity	affects_computed_style	/workouts/10000000-0000-4000-8000-000000000003	font-weight	.workout-detail-history-identity .workout-header-meta	color:var(--secondary-label-fg); font-size:12px; font-weight:500
src/styles.css:4561	workout-detail-history-identity	affects_computed_style	/workouts/10000000-0000-4000-8000-000000000003	min-height,padding-top,padding-bottom,font-weight	.workout-detail-history-identity .workout-status	min-height:28px; padding:0 9px; border-color:var(--border); border-radius:10px; background:var(--surface-sunken); color:var(--secondary-label-fg); font-size:12px; font-weight:500
src/styles.css:4562	workout-detail-history-identity	static_only			.workout-detail-history-identity .workout-status[data-tone='success']	border-color:var(--success-border); background:var(--surface-sunken); color:var(--success-fg)
src/styles.css:4563	workout-detail-history-identity	static_only			.workout-detail-history-identity .workout-status[data-tone='warning']	border-color:var(--border); background:var(--surface-sunken); color:var(--warning-fg)
src/styles.css:4565	workout-detail-history-identity	static_only			.workout-detail-history-identity .workout-completion	gap:14px; margin-bottom:18px; padding:18px; border-color:var(--success-border); border-radius:18px; background:var(--surface-raised); box-shadow:none
src/styles.css:4566	workout-detail-history-identity	static_only			.workout-detail-history-identity .workout-completion-mark	width:48px; height:48px; border-radius:14px; background:var(--surface-sunken); color:var(--success-fg)
src/styles.css:4568	workout-detail-history-identity	static_only			.workout-detail-history-identity .workout-completion-kicker	color:var(--success-fg); font-size:12px; font-weight:500; letter-spacing:.06em
src/styles.css:4569	workout-detail-history-identity	static_only			.workout-detail-history-identity .workout-completion h2	color:var(--fg); font-size:18px; font-weight:600
src/styles.css:4570	workout-detail-history-identity	static_only			.workout-detail-history-identity .workout-completion p	color:var(--secondary-label-fg); font-size:14px; font-weight:400
src/styles.css:4571	workout-detail-history-identity	static_only			.workout-detail-history-identity .workout-completion-record strong	color:var(--success-fg); font-size:12px; font-weight:500
src/styles.css:4572	workout-detail-history-identity	static_only			.workout-detail-history-identity .workout-completion-record span	color:var(--fg); font-size:16px; font-weight:600
src/styles.css:4573	workout-detail-history-identity	static_only			.workout-detail-history-identity .workout-completion-next	min-height:44px; color:var(--fg); font-size:12px; font-weight:500
src/styles.css:4574	workout-detail-history-identity	static_only			.workout-detail-history-identity .workout-completion-page	display:grid; gap:14px
src/styles.css:4575	workout-detail-history-identity	static_only			.workout-detail-history-identity .workout-completion-report	display:grid; gap:12px; margin-bottom:0
src/styles.css:4576	workout-detail-history-identity	static_only			.workout-detail-history-identity .workout-completion-share-card	display:grid; gap:14px; padding:18px; border:1px solid var(--border); border-radius:18px; background:var(--surface-raised)
src/styles.css:4577	workout-detail-history-identity	static_only			.workout-detail-history-identity .workout-completion-report-hero	display:grid; justify-items:center; gap:8px
src/styles.css:4578	workout-detail-history-identity	static_only			.workout-detail-history-identity .workout-completion-report-art	width:96px; height:96px; display:grid; color:var(--success-fg)
src/styles.css:4579	workout-detail-history-identity	static_only			.workout-detail-history-identity .workout-completion-report-art img	display:block; width:96px; height:96px
src/styles.css:4580	workout-detail-history-identity	static_only			.workout-detail-history-identity .workout-completion-report-art svg	width:48px; height:48px
src/styles.css:4581	workout-detail-history-identity	static_only			.workout-detail-history-identity .workout-completion-report-hero > div	display:grid; gap:8px
src/styles.css:4582	workout-detail-history-identity	static_only			.workout-detail-history-identity .workout-completion-report-subtitle	margin:0; color:var(--secondary-label-fg); font-size:14px; line-height:1.4
src/styles.css:4583	workout-detail-history-identity	static_only			.workout-detail-history-identity .workout-completion-report h1	margin:0; overflow-wrap:anywhere; color:var(--fg); font-size:24px; font-weight:600; line-height:1.12; letter-spacing:-.018em
src/styles.css:4584	workout-detail-history-identity	static_only			.workout-detail-history-identity .workout-completion-report-date	margin:0; color:var(--secondary-label-fg); font-size:12px; font-weight:500
src/styles.css:4585	workout-detail-history-identity	static_only			.workout-detail-history-identity .workout-completion-count-line	display:flex; align-items:baseline; justify-content:space-between; gap:12px; margin:0; color:var(--fg); font-size:14px; font-weight:500; line-height:1.4
src/styles.css:4586	workout-detail-history-identity	static_only			.workout-detail-history-identity .workout-completion-count-line strong	font-variant-numeric:tabular-nums
src/styles.css:4587	workout-detail-history-identity	static_only			.workout-detail-history-identity .workout-completion-report-facts	display:grid; grid-template-columns:repeat(auto-fit,minmax(70px,1fr)); margin:0; padding:12px 0; border-top:1px solid var(--border); border-bottom:1px solid var(--border)
src/styles.css:4588	workout-detail-history-identity	static_only			.workout-detail-history-identity .workout-completion-report-facts div	display:flex; gap:3px; padding:0 8px; border-left:1px solid var(--border)
src/styles.css:4589	workout-detail-history-identity	static_only			.workout-detail-history-identity .workout-completion-report-facts div:first-child	padding-left:0; border-left:0
src/styles.css:4590	workout-detail-history-identity	static_only			.workout-detail-history-identity .workout-completion-report-facts div:last-child	padding-right:0
src/styles.css:4591	workout-detail-history-identity	static_only			.workout-detail-history-identity .workout-completion-report-facts dt	overflow-wrap:anywhere; color:var(--secondary-label-fg); font-size:12px; font-weight:500
src/styles.css:4592	workout-detail-history-identity	static_only			.workout-detail-history-identity .workout-completion-report-facts dd	margin:0; overflow-wrap:anywhere; color:var(--fg); font-size:17px; font-weight:600; font-variant-numeric:tabular-nums
src/styles.css:4593	workout-detail-history-identity	static_only			.workout-detail-history-identity .workout-completion-highlight	display:grid; gap:8px; padding:14px; border-radius:14px; background:var(--surface-sunken)
src/styles.css:4594	workout-detail-history-identity	static_only			.workout-detail-history-identity .workout-completion-report .eyebrow	margin:0; color:var(--secondary-label-fg); font-size:12px; font-weight:500; letter-spacing:.06em
src/styles.css:4595	workout-detail-history-identity	static_only			.workout-detail-history-identity .workout-completion-highlight h2	margin:0; overflow-wrap:anywhere; color:var(--fg); font-size:18px; font-weight:600; line-height:1.25
src/styles.css:4596	workout-detail-history-identity	static_only			.workout-detail-history-identity .workout-completion-missing	display:grid; gap:4px; padding-top:12px; border-top:1px solid var(--border)
src/styles.css:4597	workout-detail-history-identity	static_only			.workout-detail-history-identity .workout-completion-missing strong	color:var(--fg); font-size:12px; font-weight:600
src/styles.css:4598	workout-detail-history-identity	static_only			.workout-detail-history-identity .workout-completion-missing p	margin:0; overflow-wrap:anywhere; color:var(--secondary-label-fg); font-size:13px; line-height:1.4
src/styles.css:4599	workout-detail-history-identity	static_only			.workout-detail-history-identity .workout-completion-highlight-record	display:flex; align-items:center; gap:12px
src/styles.css:4600	workout-detail-history-identity	static_only			.workout-detail-history-identity .workout-completion-highlight-record > svg	width:24px; height:24px; color:var(--success-fg)
src/styles.css:4601	workout-detail-history-identity	static_only			.workout-detail-history-identity .workout-completion-highlight-record > div	display:grid; gap:3px
src/styles.css:4602	workout-detail-history-identity	static_only			.workout-detail-history-identity .workout-completion-highlight-record span	color:var(--secondary-label-fg); font-size:14px; font-weight:500
src/styles.css:4603	workout-detail-history-identity	static_only			.workout-detail-history-identity .workout-completion-highlight-record small	color:var(--success-fg); font-size:12px; font-weight:500; line-height:1.35
src/styles.css:4604	workout-detail-history-identity	static_only			.workout-detail-history-identity .workout-completion-highlight-loading	min-height:25px
src/styles.css:4605	workout-detail-history-identity	static_only			.workout-detail-history-identity .workout-completion-highlight-error	display:grid; gap:8px
src/styles.css:4606	workout-detail-history-identity	static_only			.workout-detail-history-identity .workout-completion-highlight-error p	margin:0; color:var(--secondary-label-fg); font-size:13px; line-height:1.4
src/styles.css:4607	workout-detail-history-identity	static_only			.workout-detail-history-identity .workout-completion-highlight-error .secondary	width:fit-content; min-height:40px; padding-inline:14px
src/styles.css:4608	workout-detail-history-identity	static_only			.workout-detail-history-identity .workout-completion-muscles-line	display:flex; gap:4px 10px; margin:0; color:var(--fg); font-size:13px; font-weight:500; line-height:1.4
src/styles.css:4609	workout-detail-history-identity	static_only			.workout-detail-history-identity .workout-completion-muscles-line span	color:var(--secondary-label-fg); font-size:12px; font-weight:500
src/styles.css:4610	workout-detail-history-identity	static_only			.workout-detail-history-identity .workout-completion-share-actions	display:grid; gap:8px
src/styles.css:4611	workout-detail-history-identity	static_only			.workout-detail-history-identity .workout-completion-share	min-height:48px; gap:8px
src/styles.css:4612	workout-detail-history-identity	static_only			.workout-detail-history-identity .workout-completion-share svg	width:19px; height:19px
src/styles.css:4613	workout-detail-history-identity	static_only			.workout-detail-history-identity .workout-completion-share-status	margin:-4px 0 0; color:var(--secondary-label-fg); font-size:12px; font-weight:500; line-height:1.4
src/styles.css:4614	workout-detail-history-identity	static_only			.workout-detail-history-identity .workout-share-overlay	background:color-mix(in srgb, var(--bg) 74%, transparent)
src/styles.css:4615	workout-detail-history-identity	static_only			.workout-detail-history-identity .workout-share-sheet	width:min(100%,430px); display:grid; gap:16px; overflow:auto; padding:20px 20px calc(20px + env(safe-area-inset-bottom)); border:1px solid var(--border); border-bottom:0; border-radius:24px 24px 0 0; background:var(--surface-elevated)
src/styles.css:4616	workout-detail-history-identity	static_only			.workout-detail-history-identity .workout-share-sheet > header	display:flex; align-items:flex-start; justify-content:space-between; gap:16px
src/styles.css:4617	workout-detail-history-identity	static_only			.workout-detail-history-identity .workout-share-sheet > header > div	display:grid; gap:4px
src/styles.css:4618	workout-detail-history-identity	static_only			.workout-detail-history-identity .workout-share-sheet h2	margin:0; color:var(--fg); font-size:24px; font-weight:600; letter-spacing:-.018em
src/styles.css:4619	workout-detail-history-identity	static_only			.workout-detail-history-identity .workout-share-sheet .icon-button	width:44px; min-height:44px; display:grid; padding:0; border:1px solid var(--border); border-radius:14px; color:var(--secondary-label-fg); background:var(--surface-sunken)
src/styles.css:4620	workout-detail-history-identity	static_only			.workout-detail-history-identity .workout-share-sheet .icon-button svg	width:20px; height:20px
src/styles.css:4621	workout-detail-history-identity	static_only			.workout-detail-history-identity .workout-share-sheet-intro	margin:0; color:var(--secondary-label-fg); font-size:14px; line-height:1.45
src/styles.css:4622	workout-detail-history-identity	static_only			.workout-detail-history-identity .workout-share-options	display:grid; gap:8px
src/styles.css:4623	workout-detail-history-identity	static_only			.workout-detail-history-identity .workout-share-options > button	width:100%; min-height:70px; display:flex; align-items:center; justify-content:space-between; gap:14px; padding:13px 14px; border:1px solid var(--border); border-radius:16px; color:var(--fg); background:var(--surface-raised)
src/styles.css:4624	workout-detail-history-identity	static_only			.workout-detail-history-identity .workout-share-options > button.is-selected	border-color:var(--success-fg); background:color-mix(in srgb, var(--success-fg) 9%, var(--surface-raised))
src/styles.css:4625	workout-detail-history-identity	static_only			.workout-detail-history-identity .workout-share-options > button:disabled	opacity:.52
src/styles.css:4626	workout-detail-history-identity	static_only			.workout-detail-history-identity .workout-share-options span	display:grid; gap:3px
src/styles.css:4627	workout-detail-history-identity	static_only			.workout-detail-history-identity .workout-share-options strong	font-size:16px; font-weight:600
src/styles.css:4628	workout-detail-history-identity	static_only			.workout-detail-history-identity .workout-share-options small	overflow-wrap:anywhere; color:var(--secondary-label-fg); font-size:12px; font-weight:500; line-height:1.35
src/styles.css:4629	workout-detail-history-identity	static_only			.workout-detail-history-identity .workout-share-options b	color:var(--secondary-label-fg); font-size:12px; font-weight:500; font-variant-numeric:tabular-nums
src/styles.css:4630	workout-detail-history-identity	static_only			.workout-detail-history-identity .workout-share-options > button.is-selected b	color:var(--success-fg)
src/styles.css:4631	workout-detail-history-identity	static_only			.workout-detail-history-identity .workout-share-submit	min-height:50px; gap:8px
src/styles.css:4632	workout-detail-history-identity	static_only			.workout-detail-history-identity .workout-share-submit svg	width:19px; height:19px
src/styles.css:4633	workout-detail-history-identity	static_only			.workout-detail-history-identity .workout-completion-trainer-status	min-height:44px; display:flex; align-items:center; gap:8px; margin:0; padding:0 4px; color:var(--secondary-label-fg); font-size:13px; font-weight:500
src/styles.css:4634	workout-detail-history-identity	static_only			.workout-detail-history-identity .workout-completion-trainer-status svg	width:18px; height:18px; color:var(--success-fg)
src/styles.css:4635	workout-detail-history-identity	static_only			.workout-detail-history-identity .workout-completion-recorded	overflow:hidden; border:1px solid var(--border); border-radius:18px; background:var(--surface-raised)
src/styles.css:4636	workout-detail-history-identity	static_only			.workout-detail-history-identity .workout-completion-recorded > summary	min-height:66px; display:flex; align-items:center; justify-content:space-between; gap:12px; padding:13px 16px
src/styles.css:4637	workout-detail-history-identity	static_only			.workout-detail-history-identity .workout-completion-recorded > summary::-webkit-details-marker	display:none
src/styles.css:4638	workout-detail-history-identity	static_only			.workout-detail-history-identity .workout-completion-recorded > summary::after	width:9px; height:9px; border-right:1.5px solid currentColor; border-bottom:1.5px solid currentColor; color:var(--secondary-label-fg); transform:rotate(45deg)
src/styles.css:4639	workout-detail-history-identity	static_only			.workout-detail-history-identity .workout-completion-recorded[open] > summary::after	transform:rotate(225deg)
src/styles.css:4640	workout-detail-history-identity	static_only			.workout-detail-history-identity .workout-completion-recorded > summary > span:first-child	display:grid; gap:3px
src/styles.css:4641	workout-detail-history-identity	static_only			.workout-detail-history-identity .workout-completion-recorded > summary strong	color:var(--fg); font-size:17px; font-weight:600
src/styles.css:4642	workout-detail-history-identity	static_only			.workout-detail-history-identity .workout-completion-recorded > summary > span:nth-child(2)	margin-left:auto; color:var(--secondary-label-fg); font-size:12px; font-weight:500
src/styles.css:4643	workout-detail-history-identity	static_only			.workout-detail-history-identity .workout-completion-recorded > .completed-exercise-list	display:grid; gap:0; margin:0 14px; padding:0; border-top:1px solid var(--border)
src/styles.css:4644	workout-detail-history-identity	static_only			.workout-detail-history-identity .workout-completion-recorded > .completed-exercise-list > .completed-exercise	margin:0; padding:15px 0; border:0; border-bottom:1px solid var(--border); border-radius:0; background:transparent; box-shadow:none
src/styles.css:4645	workout-detail-history-identity	static_only			.workout-detail-history-identity .workout-completion-recorded > .completed-exercise-list > :last-child	border-bottom:0
src/styles.css:4646	workout-detail-history-identity	static_only			.workout-detail-history-identity .workout-completion-recorded .completed-exercise-block	padding-left:8px; border-left:2px solid var(--border)
src/styles.css:4647	workout-detail-history-identity	static_only			.workout-detail-history-identity .workout-completion-edit	width:auto; min-height:48px; display:flex; align-items:center; justify-content:center; margin:8px 14px 14px
src/styles.css:4648	workout-detail-history-identity	static_only			.workout-detail-history-identity .workout-completion-recorded:not([open]) > :not(summary)	display:none
src/styles.css:4649	workout-detail-history-identity	static_only			.workout-detail-history-identity .workout-completion-actions	display:grid; gap:8px; margin-top:2px
src/styles.css:4650	workout-detail-history-identity	static_only			.workout-detail-history-identity .workout-completion-actions .button	width:100%; min-height:48px
src/styles.css:4654	workout-detail-history-identity	static_only			.workout-detail-history-identity .workout-decision-sheet	gap:16px; padding:20px 20px calc(20px + env(safe-area-inset-bottom)); border-color:var(--border); border-radius:18px 18px 0 0; background:var(--surface-elevated); box-shadow:none
src/styles.css:4663	workout-detail-history-identity	matched_in_runtime	/workouts/10000000-0000-4000-8000-000000000003		.workout-detail-history-identity .workout-detail-primary-actions	gap:8px; margin:0 0 16px
src/styles.css:4664	workout-detail-history-identity	matched_in_runtime	/workouts/10000000-0000-4000-8000-000000000003		.workout-detail-history-identity .workout-detail-primary-actions .workout-cta, .workout-detail-history-identity .workout-detail-page > .button.wide	min-height:48px; border-radius:14px; font-size:14px; font-weight:500
src/styles.css:4666	workout-detail-history-identity	static_only			.workout-detail-history-identity .workout-fact-summary	display:grid; grid-template-columns:repeat(3,minmax(0,1fr)); gap:0; margin:0 0 16px; padding:0; overflow:hidden; border:1px solid var(--border); border-radius:16px; background:var(--surface-raised)
src/styles.css:4667	workout-detail-history-identity	static_only			.workout-detail-history-identity .workout-fact-summary p	display:grid; gap:3px; margin:0; padding:11px 10px; border:0; border-right:1px solid var(--border); border-radius:0; background:transparent
src/styles.css:4668	workout-detail-history-identity	static_only			.workout-detail-history-identity .workout-fact-summary p:nth-child(3)	border-right:0
src/styles.css:4669	workout-detail-history-identity	static_only			.workout-detail-history-identity .workout-fact-summary.has-calories	grid-template-columns:repeat(2,minmax(0,1fr))
src/styles.css:4670	workout-detail-history-identity	static_only			.workout-detail-history-identity .workout-fact-summary.has-calories p:nth-child(3)	border-top:1px solid var(--border); border-right:1px solid var(--border)
src/styles.css:4671	workout-detail-history-identity	static_only			.workout-detail-history-identity .workout-fact-summary.has-calories p:nth-child(2n)	border-right:0
src/styles.css:4672	workout-detail-history-identity	static_only			.workout-detail-history-identity .workout-fact-summary.has-calories p:nth-child(n+3)	border-top:1px solid var(--border)
src/styles.css:4673	workout-detail-history-identity	static_only			.workout-detail-history-identity .workout-fact-summary-groups	grid-column:1 / -1
src/styles.css:4674	workout-detail-history-identity	static_only			.workout-detail-history-identity .workout-fact-summary p.workout-fact-summary-groups	display:flex; align-items:baseline; gap:6px; padding:10px 12px; border-top:1px solid var(--border); border-right:0
src/styles.css:4675	workout-detail-history-identity	static_only			.workout-detail-history-identity .workout-fact-summary p.workout-fact-summary-record	grid-column:1 / -1; grid-template-columns:auto 1fr; align-items:center; gap:1px 8px; padding:10px 12px; border-top:1px solid var(--border); border-right:0; color:var(--success-fg)
src/styles.css:4676	workout-detail-history-identity	static_only			.workout-detail-history-identity .workout-fact-summary-record svg	grid-row:1 / span 2; width:20px; height:20px
src/styles.css:4677	workout-detail-history-identity	static_only			.workout-detail-history-identity .workout-fact-summary-record span, .workout-detail-history-identity .workout-fact-summary-record strong	color:inherit
src/styles.css:4679	workout-detail-history-identity	static_only			.workout-detail-history-identity .workout-fact-summary span	color:var(--secondary-label-fg); font-size:12px; font-weight:500; letter-spacing:0
src/styles.css:4680	workout-detail-history-identity	static_only			.workout-detail-history-identity .workout-fact-summary strong	color:var(--fg); font-size:16px; font-weight:600
src/styles.css:4682	workout-detail-history-identity	matched_in_runtime	/workouts/10000000-0000-4000-8000-000000000003		.workout-detail-history-identity .workout-detail-exercise-overview	margin:18px 0 8px; padding-bottom:8px; border-color:var(--border)
src/styles.css:4683	workout-detail-history-identity	matched_in_runtime	/workouts/10000000-0000-4000-8000-000000000003		.workout-detail-history-identity .workout-detail-exercise-overview p	color:var(--secondary-label-fg); font-size:12px; font-weight:500; letter-spacing:.06em
src/styles.css:4684	workout-detail-history-identity	affects_computed_style	/workouts/10000000-0000-4000-8000-000000000003	font-weight	.workout-detail-history-identity .workout-detail-exercise-overview span	color:var(--secondary-label-fg); font-size:12px; font-weight:500
src/styles.css:4685	workout-detail-history-identity	matched_in_runtime	/workouts/10000000-0000-4000-8000-000000000003		.workout-detail-history-identity .workout-detail-page > .planned-exercise-list, .workout-detail-history-identity .workout-detail-page > .completed-exercise-list	gap:0; overflow:hidden; padding:0 16px; border:1px solid var(--border); border-radius:18px; background:var(--surface-raised)
src/styles.css:4687	workout-detail-history-identity	static_only			.workout-detail-history-identity .workout-detail-page > .planned-exercise-list > .planned-detail-exercise, .workout-detail-history-identity .workout-detail-page > .completed-exercise-list > .completed-exercise	padding:16px 0; border-bottom:1px solid var(--border); background:transparent
src/styles.css:4689	workout-detail-history-identity	static_only			.workout-detail-history-identity .workout-detail-page > .planned-exercise-list > :last-child, .workout-detail-history-identity .workout-detail-page > .completed-exercise-list > :last-child	border-bottom:0
src/styles.css:4691	workout-detail-history-identity	static_only			.workout-detail-history-identity .workout-detail-exercise-heading strong	color:var(--fg); font-size:16px; font-weight:600
src/styles.css:4692	workout-detail-history-identity	static_only			.workout-detail-history-identity .workout-detail-exercise-result	color:var(--fg); font-size:14px; font-weight:500
src/styles.css:4693	workout-detail-history-identity	static_only			.workout-detail-history-identity .planned-set-summary span, .workout-detail-history-identity .completed-set-summary span, .workout-detail-history-identity .workout-history-set .plan-note	color:var(--secondary-label-fg); font-size:12px; font-weight:500
src/styles.css:4696	workout-detail-history-identity	static_only			.workout-detail-history-identity .workout-history-set.confirmed	border-color:var(--border); background:transparent
src/styles.css:4697	workout-detail-history-identity	static_only			.workout-detail-history-identity .exercise-history-link	width:44px; min-height:44px; border-radius:14px; color:var(--secondary-label-fg)
src/styles.css:4698	workout-detail-history-identity	static_only			.workout-detail-history-identity .exercise-history-link:active	background:var(--surface-sunken); color:var(--fg)
src/styles.css:4699	workout-detail-history-identity	static_only			.workout-detail-history-identity .workout-review, .workout-detail-history-identity .workout-client-feedback, .workout-detail-history-identity .workout-client-question, .workout-detail-history-identity .workout-trainer-review, .workout-detail-history-identity .workout-question-answer	margin:12px 0; padding:16px; border:1px solid var(--border); border-radius:18px; background:var(--surface-raised); box-shadow:none
src/styles.css:4704	workout-detail-history-identity	static_only			.workout-detail-history-identity .workout-review h2, .workout-detail-history-identity .workout-feedback-fieldset legend	color:var(--fg); font-size:16px; font-weight:600
src/styles.css:4706	workout-detail-history-identity	static_only			.workout-detail-history-identity .workout-review p, .workout-detail-history-identity .workout-review-text	color:var(--secondary-label-fg); font-size:14px; font-weight:400
src/styles.css:4708	workout-detail-history-identity	static_only			.workout-detail-history-identity .workout-review-head .secondary	min-height:44px
src/styles.css:4709	workout-detail-history-identity	static_only			.workout-detail-history-identity .workout-feedback	gap:16px
src/styles.css:4710	workout-detail-history-identity	static_only			.workout-detail-history-identity .workout-feedback .workout-review-head h2	margin:0; font-size:18px
src/styles.css:4711	workout-detail-history-identity	static_only			.workout-detail-history-identity .workout-feedback .workout-review-actions	grid-template-columns:minmax(0,1fr)
src/styles.css:4712	workout-detail-history-identity	static_only			.workout-detail-history-identity .workout-feedback .workout-review-actions .workout-cta	width:100%
src/styles.css:4713	workout-detail-history-identity	matched_in_runtime	/workouts/10000000-0000-4000-8000-000000000003		.workout-detail-history-identity .workout-detail-actions	gap:8px; margin-top:16px
src/styles.css:4714	workout-detail-history-identity	static_only			.workout-detail-history-identity .workout-detail-actions > .button, .workout-detail-history-identity .workout-detail-actions .icon-button	min-height:44px
src/styles.css:4717	workout-detail-history-identity	matched_in_runtime	/workouts/10000000-0000-4000-8000-000000000003/history/fedb-barbell-squat		.workout-detail-history-identity .exercise-card-head, .workout-detail-history-identity .exercise-progress-proof, .workout-detail-history-identity .exercise-progress-chart, .workout-detail-history-identity .exercise-technique	padding:18px; border:1px solid var(--border); border-radius:18px; background:var(--surface-raised); box-shadow:none
src/styles.css:4721	workout-detail-history-identity	static_only			.workout-detail-history-identity .exercise-card-head	gap:14px
src/styles.css:4722	workout-detail-history-identity	static_only			.workout-detail-history-identity .exercise-card-head .exercise-image	border-radius:14px; background:var(--surface-sunken)
src/styles.css:4723	workout-detail-history-identity	affects_computed_style	/workouts/10000000-0000-4000-8000-000000000003/history/fedb-barbell-squat	font-size	.workout-detail-history-identity .exercise-card-meta h2	color:var(--fg); font-size:18px; font-weight:600
src/styles.css:4724	workout-detail-history-identity	static_only			.workout-detail-history-identity .exercise-card-meta p	color:var(--secondary-label-fg); font-size:12px; font-weight:500
src/styles.css:4725	workout-detail-history-identity	matched_in_runtime	/workouts/10000000-0000-4000-8000-000000000003/history/fedb-barbell-squat		.workout-detail-history-identity .exercise-card-tabs	gap:3px; margin:12px 0; padding:3px; border-color:var(--border); border-radius:14px; background:var(--surface-sunken)
src/styles.css:4726	workout-detail-history-identity	affects_computed_style	/workouts/10000000-0000-4000-8000-000000000003/history/fedb-barbell-squat	min-height,border-top-left-radius,border-top-right-radius,font-size,font-weight	.workout-detail-history-identity .exercise-card-tabs .tab	min-height:44px; border:0; border-radius:10px; background:transparent; color:var(--secondary-label-fg); font-size:12px; font-weight:500; box-shadow:none
src/styles.css:4727	workout-detail-history-identity	matched_in_runtime	/workouts/10000000-0000-4000-8000-000000000003/history/fedb-barbell-squat		.workout-detail-history-identity .exercise-card-tabs .tab.active	background:var(--surface-elevated); color:var(--fg); box-shadow:none
src/styles.css:4728	workout-detail-history-identity	static_only			.workout-detail-history-identity .exercise-progress-proof > header .eyebrow	color:var(--secondary-label-fg); font-size:12px; font-weight:500; letter-spacing:.06em
src/styles.css:4729	workout-detail-history-identity	static_only			.workout-detail-history-identity .exercise-progress-result h2	color:var(--fg); font-size:24px; font-weight:600
src/styles.css:4730	workout-detail-history-identity	static_only			.workout-detail-history-identity .exercise-progress-result > span, .workout-detail-history-identity .exercise-progress-badges span	border-color:var(--success-border); border-radius:10px; background:var(--surface-sunken); color:var(--success-fg); font-size:12px; font-weight:500
src/styles.css:4732	workout-detail-history-identity	static_only			.workout-detail-history-identity .exercise-progress-details strong, .workout-detail-history-identity .exercise-progress-records strong, .workout-detail-history-identity .exercise-progress-milestone strong	color:var(--fg); font-size:14px; font-weight:500
src/styles.css:4735	workout-detail-history-identity	static_only			.workout-detail-history-identity .exercise-progress-details span, .workout-detail-history-identity .exercise-progress-records span, .workout-detail-history-identity .exercise-progress-milestone span, .workout-detail-history-identity .exercise-progress-method	color:var(--secondary-label-fg); font-size:12px; font-weight:500
src/styles.css:4739	workout-detail-history-identity	static_only			.workout-detail-history-identity .exercise-progress-chart h2	color:var(--fg); font-size:18px; font-weight:600
src/styles.css:4742	workout-detail-history-identity	static_only			.workout-detail-history-identity .exercise-progress-timeline	gap:8px
src/styles.css:4743	workout-detail-history-identity	static_only			.workout-detail-history-identity .exercise-progress-timeline .card	padding:16px; border-color:var(--border); border-radius:18px; background:var(--surface-raised); box-shadow:none
src/styles.css:4744	workout-detail-history-identity	static_only			.workout-detail-history-identity .exercise-progress-row-head strong	color:var(--fg); font-size:16px; font-weight:600
src/styles.css:4745	workout-detail-history-identity	static_only			.workout-detail-history-identity .exercise-progress-row-head > span, .workout-detail-history-identity .exercise-progress-timeline .card > p	color:var(--secondary-label-fg); font-size:12px; font-weight:500
src/styles.css:4747	workout-detail-history-identity	static_only			.workout-detail-history-identity .exercise-technique .how-steps	color:var(--fg); font-size:14px; font-weight:400; line-height:1.5
src/styles.css:4750	workout-detail-history-identity	affects_computed_style	/workouts/10000000-0000-4000-8000-000000000003,/workouts/10000000-0000-4000-8000-000000000003/history/fedb-barbell-squat	padding-top,padding-bottom	.workout-detail-history-identity .page	padding-inline:14px
src/styles.css:4751	workout-detail-history-identity	matched_in_runtime	/workouts/10000000-0000-4000-8000-000000000003		.workout-detail-history-identity .workout-detail-page > .planned-exercise-list, .workout-detail-history-identity .workout-detail-page > .completed-exercise-list	padding-inline:14px
src/styles.css:5048	trainer-client-goal-identity	matched_in_runtime	/me/goal		.trainer-client-goal-identity	border-color:var(--frame-border); background:var(--bg); box-shadow:none
src/styles.css:5049	trainer-client-goal-identity	matched_in_runtime	/me/goal		.trainer-client-goal-identity .content	background:var(--bg)
src/styles.css:5050	trainer-client-goal-identity	matched_in_runtime	/me/goal		.trainer-client-goal-identity .page	margin:0 auto; padding:24px 24px calc(env(safe-area-inset-bottom) + 104px)
src/styles.css:5051	trainer-client-goal-identity	matched_in_runtime	/me/goal		.trainer-client-goal-identity .page-header	min-height:44px; margin-bottom:16px
src/styles.css:5052	trainer-client-goal-identity	matched_in_runtime	/me/goal		.trainer-client-goal-identity .page-header h1	color:var(--fg); font-size:24px; font-weight:600; line-height:1.12; letter-spacing:-.018em
src/styles.css:5053	trainer-client-goal-identity	matched_in_runtime	/me/goal		.trainer-client-goal-identity .page-back	width:44px; height:44px; min-height:44px; border:1px solid var(--border); border-radius:14px; background:transparent; color:var(--fg); box-shadow:none
src/styles.css:5054	trainer-client-goal-identity	static_only			.trainer-client-goal-identity .page > .stack, .trainer-client-goal-identity .page > form.stack	gap:12px
src/styles.css:5056	trainer-client-goal-identity	static_only			.trainer-client-goal-identity .page > form.stack > .muted	margin:0 0 2px; color:var(--secondary-label-fg); font-size:14px; font-weight:400; line-height:1.45
src/styles.css:5057	trainer-client-goal-identity	matched_in_runtime	/me/goal		.trainer-client-goal-identity .goal-block	gap:12px; margin:0; padding:18px; border:1px solid var(--border); border-radius:18px; background:var(--surface-raised); box-shadow:none
src/styles.css:5058	trainer-client-goal-identity	matched_in_runtime	/me/goal		.trainer-client-goal-identity .goal-block + .goal-block	margin-top:0
src/styles.css:5059	trainer-client-goal-identity	affects_computed_style		min-height	.trainer-client-goal-identity .goal-head	min-height:44px; gap:12px
src/styles.css:5060	trainer-client-goal-identity	matched_in_runtime	/me/goal		.trainer-client-goal-identity .goal-head h2	color:var(--fg); font-size:18px; font-weight:600; line-height:1.2; letter-spacing:-.012em
src/styles.css:5061	trainer-client-goal-identity	matched_in_runtime	/me/goal		.trainer-client-goal-identity .goal-block > .muted, .trainer-client-goal-identity .stage-row .muted, .trainer-client-goal-identity .stage-hint	color:var(--secondary-label-fg); font-weight:400; line-height:1.45
src/styles.css:5064	trainer-client-goal-identity	affects_computed_style	/me/goal	font-size	.trainer-client-goal-identity .goal-block > .muted	margin:0; font-size:14px
src/styles.css:5065	trainer-client-goal-identity	matched_in_runtime	/me/goal		.trainer-client-goal-identity .goal-criterion-summary > p	color:var(--fg); font-size:14px; line-height:1.45
src/styles.css:5066	trainer-client-goal-identity	static_only			.trainer-client-goal-identity .goal-criterion-form	display:grid; gap:14px; padding:18px; border:1px solid var(--border); border-radius:18px; background:var(--surface-raised)
src/styles.css:5067	trainer-client-goal-identity	static_only			.trainer-client-goal-identity .goal-criterion-form-head	display:flex; align-items:stretch; gap:16px
src/styles.css:5068	trainer-client-goal-identity	static_only			.trainer-client-goal-identity .goal-criterion-form-head h2	margin:0; color:var(--fg); font-size:18px; font-weight:600; line-height:1.2
src/styles.css:5069	trainer-client-goal-identity	static_only			.trainer-client-goal-identity .goal-criterion-form-head p	margin:5px 0 0; color:var(--secondary-label-fg); font-size:14px; line-height:1.4
src/styles.css:5071	trainer-client-goal-identity	static_only			.trainer-client-goal-identity .goal-criterion-fields	display:grid; gap:12px; padding-top:14px; border-top:1px solid var(--border)
src/styles.css:5072	trainer-client-goal-identity	static_only			.trainer-client-goal-identity .goal-criterion-item	display:grid; gap:12px; padding:14px; border:1px solid var(--border); border-radius:14px; background:var(--surface-sunken)
src/styles.css:5083	trainer-client-goal-identity	static_only			.trainer-client-goal-identity .goal-criterion-hint	margin:0; color:var(--secondary-label-fg); font-size:12px; line-height:1.45
src/styles.css:5084	trainer-client-goal-identity	static_only			.trainer-client-goal-identity .goal-criterion-confirm	display:flex; align-items:flex-start; gap:10px; padding:12px; border:1px dashed var(--border); border-radius:14px; background:var(--surface-sunken); color:var(--fg); font-size:14px; line-height:1.4
src/styles.css:5085	trainer-client-goal-identity	static_only			.trainer-client-goal-identity .goal-criterion-confirm input	width:20px; height:20px; min-height:20px; margin:0
src/styles.css:5086	trainer-client-goal-identity	static_only			.trainer-client-goal-identity .goal-criterion-confirm span	display:grid; gap:3px
src/styles.css:5087	trainer-client-goal-identity	static_only			.trainer-client-goal-identity .goal-criterion-confirm small	color:var(--secondary-label-fg); font-size:12px; font-weight:400
src/styles.css:5088	trainer-client-goal-identity	affects_computed_style	/me/goal	padding-top,padding-bottom,font-size	.trainer-client-goal-identity .goal-head .link	display:inline-flex; align-items:center; justify-content:center; min-height:44px; padding:0 2px; border:0; background:transparent; color:var(--fg); font-size:14px; font-weight:500; box-shadow:none
src/styles.css:5089	trainer-client-goal-identity	static_only			.trainer-client-goal-identity .stage-list	gap:8px
src/styles.css:5090	trainer-client-goal-identity	matched_in_runtime	/me/goal		.trainer-client-goal-identity .stage-row	display:grid; grid-template-columns:minmax(0,1fr) auto; align-items:center; gap:8px 12px; padding:14px; border:1px solid var(--border); border-radius:14px; background:var(--surface-sunken); box-shadow:none
src/styles.css:5091	trainer-client-goal-identity	static_only			.trainer-client-goal-identity .stage-row.current	border-color:var(--fg); background:var(--surface-sunken); box-shadow:none
src/styles.css:5092	trainer-client-goal-identity	static_only			.trainer-client-goal-identity .stage-row.done	opacity:1
src/styles.css:5093	trainer-client-goal-identity	matched_in_runtime	/me/goal		.trainer-client-goal-identity .stage-row.done strong, .trainer-client-goal-identity .stage-row.done .muted	color:var(--secondary-label-fg)
src/styles.css:5095	trainer-client-goal-identity	matched_in_runtime	/me/goal		.trainer-client-goal-identity .stage-row strong	color:var(--fg); font-size:14px; font-weight:500; line-height:1.35
src/styles.css:5096	trainer-client-goal-identity	matched_in_runtime	/me/goal		.trainer-client-goal-identity .stage-row p	margin:4px 0 0; font-size:12px
src/styles.css:5097	trainer-client-goal-identity	static_only			.trainer-client-goal-identity .stage-actions	gap:4px
src/styles.css:5098	trainer-client-goal-identity	affects_computed_style	/me/goal	padding-top,padding-bottom,font-size	.trainer-client-goal-identity .stage-actions .link	min-height:44px; padding:0 6px; color:var(--fg); font-size:12px; font-weight:500
src/styles.css:5099	trainer-client-goal-identity	matched_in_runtime	/me/goal		.trainer-client-goal-identity .stage-actions .link.danger	color:var(--danger)
src/styles.css:5100	trainer-client-goal-identity	static_only			.trainer-client-goal-identity .stage-form	gap:12px; padding:16px; border:1px solid var(--border); border-radius:14px; background:var(--surface-sunken)
src/styles.css:5101	trainer-client-goal-identity	static_only			.trainer-client-goal-identity .field	gap:6px; color:var(--secondary-label-fg)
src/styles.css:5102	trainer-client-goal-identity	static_only			.trainer-client-goal-identity .field > span, .trainer-client-goal-identity .field > label	color:var(--secondary-label-fg); font-size:12px; font-weight:500; line-height:1.35
src/styles.css:5104	trainer-client-goal-identity	static_only			.trainer-client-goal-identity input, .trainer-client-goal-identity textarea, .trainer-client-goal-identity select	min-height:48px; border:1px solid var(--border); border-radius:14px; background:var(--surface-sunken); color:var(--fg); font-size:16px; font-weight:400; box-shadow:none
src/styles.css:5107	trainer-client-goal-identity	static_only			.trainer-client-goal-identity select	height:48px
src/styles.css:5108	trainer-client-goal-identity	static_only			.trainer-client-goal-identity .goal-criterion-fields > .secondary	min-height:44px
src/styles.css:5109	trainer-client-goal-identity	static_only			.trainer-client-goal-identity textarea	min-height:92px; line-height:1.45
src/styles.css:5110	trainer-client-goal-identity	static_only			.trainer-client-goal-identity input:focus, .trainer-client-goal-identity textarea:focus, .trainer-client-goal-identity select:focus	border-color:var(--mono-primary); outline:2px solid var(--accent-ring); outline-offset:1px
src/styles.css:5113	trainer-client-goal-identity	static_only			.trainer-client-goal-identity .stage-form input, .trainer-client-goal-identity .stage-form textarea	background:var(--surface-raised)
src/styles.css:5115	trainer-client-goal-identity	static_only			.trainer-client-goal-identity .goal-title-counter	align-self:flex-end; color:var(--secondary-label-fg); font-size:12px; font-weight:400; line-height:1.35; font-variant-numeric:tabular-nums
src/styles.css:5116	trainer-client-goal-identity	static_only			.trainer-client-goal-identity .stage-hint	margin:0; font-size:12px
src/styles.css:5117	trainer-client-goal-identity	static_only			.trainer-client-goal-identity .actions	display:grid; grid-template-columns:repeat(2,minmax(0,1fr)); gap:8px; margin:0
src/styles.css:5118	trainer-client-goal-identity	static_only			.trainer-client-goal-identity .page > form.stack > .actions	grid-template-columns:1fr
src/styles.css:5119	trainer-client-goal-identity	matched_in_runtime	/me/goal		.trainer-client-goal-identity .actions button, .trainer-client-goal-identity .wide	min-height:48px; margin:0; border-radius:14px; font-size:14px; font-weight:500; box-shadow:none
src/styles.css:5121	trainer-client-goal-identity	static_only			.trainer-client-goal-identity .primary	border:1px solid var(--mono-primary); background:var(--mono-primary); color:var(--mono-on-primary)
src/styles.css:5122	trainer-client-goal-identity	matched_in_runtime	/me/goal		.trainer-client-goal-identity .secondary	border:1px solid var(--border); background:transparent; color:var(--fg)
src/styles.css:5123	trainer-client-goal-identity	matched_in_runtime	/me/goal		.trainer-client-goal-identity .danger.secondary	border-color:var(--danger-border); background:transparent; color:var(--danger)
src/styles.css:5124	trainer-client-goal-identity	static_only			.trainer-client-goal-identity button:disabled	opacity:1; border-color:var(--border); background:var(--surface-sunken); color:var(--secondary-label-fg)
src/styles.css:5125	trainer-client-goal-identity	static_only			.trainer-client-goal-identity .error	color:var(--danger); font-size:12px; font-weight:500; line-height:1.4
src/styles.css:5126	trainer-client-goal-identity	static_only			.trainer-client-goal-identity .state-panel	border-color:var(--border); border-radius:18px; background:var(--surface-raised); box-shadow:none
src/styles.css:5127	trainer-client-goal-identity	static_only			.trainer-client-goal-identity .state-panel-mark	border-radius:14px; background:var(--surface-sunken); color:var(--fg)
src/styles.css:5128	trainer-client-goal-identity	static_only			.trainer-client-goal-identity .state-panel h2	color:var(--fg); font-size:18px; font-weight:600
src/styles.css:5129	trainer-client-goal-identity	static_only			.trainer-client-goal-identity .state-panel p	color:var(--secondary-label-fg); font-size:14px; font-weight:400
src/styles.css:5130	trainer-client-goal-identity	matched_in_runtime	/me/goal		.trainer-client-goal-identity .tab-bar	border-color:var(--border); background:var(--bar-bg); box-shadow:none
src/styles.css:5131	trainer-client-goal-identity	matched_in_runtime	/me/goal		.trainer-client-goal-identity .tab-bar a	color:var(--secondary-label-fg); background:transparent
src/styles.css:5132	trainer-client-goal-identity	static_only			.trainer-client-goal-identity .tab-bar a.active	color:var(--fg); background:var(--surface-sunken)
src/styles.css:5135	trainer-client-goal-identity	matched_in_runtime	/me/goal		.trainer-client-goal-identity .page	padding:12px 16px calc(env(safe-area-inset-bottom) + 104px)
src/styles.css:5136	trainer-client-goal-identity	matched_in_runtime	/me/goal		.trainer-client-goal-identity .goal-block	padding:16px
src/styles.css:5137	trainer-client-goal-identity	static_only			.trainer-client-goal-identity .goal-criterion-form	padding:16px
src/styles.css:5138	trainer-client-goal-identity	matched_in_runtime	/me/goal		.trainer-client-goal-identity .stage-row	grid-template-columns:1fr
src/styles.css:5139	trainer-client-goal-identity	static_only			.trainer-client-goal-identity .stage-actions	justify-content:flex-start
src/styles.css:5273	workout-create-edit-identity	static_only			.workout-create-edit-identity .workout-template-editor-page .workout-form-section-head > span	color:var(--secondary-label-fg); font-size:12px; font-weight:500
src/styles.css:5274	workout-create-edit-identity	static_only			.workout-create-edit-identity .workout-template-editor-page .workout-notes .voice-note-field textarea	min-height:96px
src/styles.css:5774	assistant-identity	affects_computed_style	/assistant	background-color,padding-top	.assistant-identity .assistant-page	gap:12px; padding:10px 16px calc(104px + env(safe-area-inset-bottom)); background:var(--bg); color:var(--fg)
src/styles.css:5780	assistant-identity	affects_computed_style	/assistant	font-weight	.assistant-identity .assistant-local-note, .assistant-identity .assistant-thread-status, .assistant-identity .assistant-session-label span, .assistant-identity .assistant-flow-guidance, .assistant-identity .assistant-card-hint	color:var(--secondary-label-fg); font-size:12px; font-weight:500; line-height:1.4
src/styles.css:5785	assistant-identity	affects_computed_style	/assistant	padding-top	.assistant-identity .assistant-thread	gap:8px; padding:4px 0 8px
src/styles.css:5786	assistant-identity	static_only			.assistant-identity .assistant-session-switcher	gap:8px
src/styles.css:5787	assistant-identity	affects_computed_style	/assistant	min-height,padding-bottom	.assistant-identity .assistant-session-bar	min-height:48px; padding:0 2px 10px; border-bottom:1px solid var(--border)
src/styles.css:5788	assistant-identity	static_only			.assistant-identity .assistant-session-label	gap:2px
src/styles.css:5789	assistant-identity	affects_computed_style	/assistant	font-size	.assistant-identity .assistant-session-label strong	color:var(--fg); font-size:18px; font-weight:600; line-height:1.2
src/styles.css:5790	assistant-identity	static_only			.assistant-identity .assistant-session-actions	gap:6px
src/styles.css:5791	assistant-identity	static_only			.assistant-identity .assistant-session-actions button	min-height:44px; padding:0 12px; border-radius:14px; font-size:12px; font-weight:500
src/styles.css:5792	assistant-identity	static_only			.assistant-identity .assistant-session-today	color:var(--secondary-label-fg)
src/styles.css:5793	assistant-identity	static_only			.assistant-identity .assistant-session-today:hover	color:var(--fg)
src/styles.css:5794	assistant-identity	static_only			.assistant-identity .assistant-history-toggle	border-color:var(--border); background:var(--surface-raised); color:var(--fg)
src/styles.css:5795	assistant-identity	static_only			.assistant-identity .assistant-history-toggle:hover, .assistant-identity .assistant-history-toggle[aria-expanded='true']	border-color:var(--border); background:var(--surface-sunken); color:var(--fg)
src/styles.css:5797	assistant-identity	static_only			.assistant-identity .assistant-session-history	gap:4px; padding:8px; border-color:var(--border); border-radius:14px; background:var(--surface-raised)
src/styles.css:5798	assistant-identity	static_only			.assistant-identity .assistant-session-day-label	padding:4px 10px 2px; color:var(--secondary-label-fg); font-size:12px; font-weight:500; letter-spacing:0
src/styles.css:5799	assistant-identity	static_only			.assistant-identity .assistant-session-history button	min-height:44px; padding:8px 10px; border-radius:10px; color:var(--fg); font-size:14px; font-weight:400
src/styles.css:5800	assistant-identity	static_only			.assistant-identity .assistant-session-history button:hover, .assistant-identity .assistant-session-history button.selected	border-color:var(--border); background:var(--surface-sunken)
src/styles.css:5802	assistant-identity	static_only			.assistant-identity .assistant-session-history button small	font-size:12px; font-weight:500
src/styles.css:5804	assistant-identity	affects_computed_style	/assistant	padding-top,padding-bottom	.assistant-identity .assistant-first-entry	width:min(100%, 352px); grid-template-columns:48px minmax(0, 1fr); gap:14px; padding:20px 2px 10px
src/styles.css:5805	assistant-identity	matched_in_runtime	/assistant		.assistant-identity .assistant-first-entry-icon	width:48px; height:48px; border-color:var(--border); border-radius:14px; background:var(--surface-raised); color:var(--fg)
src/styles.css:5806	assistant-identity	static_only			.assistant-identity .assistant-first-entry-copy	gap:6px
src/styles.css:5807	assistant-identity	affects_computed_style	/assistant	font-size	.assistant-identity .assistant-first-entry-copy h2	color:var(--fg); font-size:18px; font-weight:600; line-height:1.2; letter-spacing:-.018em
src/styles.css:5808	assistant-identity	matched_in_runtime	/assistant		.assistant-identity .assistant-first-entry-copy p	color:var(--secondary-label-fg); font-size:14px; font-weight:400; line-height:1.45
src/styles.css:5809	assistant-identity	affects_computed_style	/assistant	padding-top	.assistant-identity .assistant-first-entry-actions	gap:8px; padding-top:6px
src/styles.css:5810	assistant-identity	affects_computed_style	/assistant	font-weight	.assistant-identity .assistant-first-entry-actions button, .assistant-identity .assistant-choice-chips button, .assistant-identity .assistant-period-options button, .assistant-identity .assistant-choice-table button	min-height:44px; padding:0 12px; border:1px solid var(--border); border-radius:14px; background:transparent; color:var(--fg); font-size:12px; font-weight:500; box-shadow:none
src/styles.css:5814	assistant-identity	static_only			.assistant-identity .assistant-first-entry-actions button:hover, .assistant-identity .assistant-choice-chips button:hover, .assistant-identity .assistant-period-options button:hover, .assistant-identity .assistant-choice-table button:hover	border-color:var(--border); background:var(--surface-raised); color:var(--fg)
src/styles.css:5819	assistant-identity	static_only			.assistant-identity .assistant-message	padding:11px 14px; border:1px solid var(--mono-primary); border-radius:18px 18px 6px 18px; background:var(--mono-primary); color:var(--mono-on-primary)
src/styles.css:5820	assistant-identity	static_only			.assistant-identity .assistant-message p, .assistant-identity .assistant-message-copy li	font-size:14px; font-weight:400; line-height:1.45
src/styles.css:5822	assistant-identity	static_only			.assistant-identity .assistant-message.assistant-message-assistant	width:min(100%, 328px); padding:4px 0; border:0; border-radius:0; background:transparent; color:var(--fg)
src/styles.css:5823	assistant-identity	static_only			.assistant-identity .assistant-message.assistant-message-result	width:100%; border:0; background:transparent; color:var(--fg)
src/styles.css:5824	assistant-identity	static_only			.assistant-identity .assistant-message-edit	min-height:44px; margin-top:2px; padding:0; font-size:12px; font-weight:500
src/styles.css:5825	assistant-identity	static_only			.assistant-identity .assistant-message-copy	gap:8px
src/styles.css:5826	assistant-identity	static_only			.assistant-identity .assistant-message-copy li::before	color:var(--fg)
src/styles.css:5827	assistant-identity	static_only			.assistant-identity .assistant-thinking	color:var(--secondary-label-fg); font-size:14px; font-weight:400
src/styles.css:5828	assistant-identity	static_only			.assistant-identity .assistant-thinking span	width:10px; height:10px; background:var(--fg); background-image:none; box-shadow:none
src/styles.css:5829	assistant-identity	static_only			.assistant-identity .assistant-message-error	gap:10px; padding:10px 12px; border-color:transparent; border-radius:14px; background:var(--surface-sunken); color:var(--danger); font-size:12px; font-weight:500
src/styles.css:5830	assistant-identity	static_only			.assistant-identity .assistant-message-error button	min-height:44px; padding:0 12px; border-color:var(--border); border-radius:14px; background:transparent; color:var(--danger); font-size:12px; font-weight:500
src/styles.css:5831	assistant-identity	static_only			.assistant-identity .assistant-workout-user-receipt, .assistant-identity .assistant-workout-receipt	padding:10px 12px; border:1px solid var(--border); border-radius:14px; background:var(--surface-raised)
src/styles.css:5833	assistant-identity	static_only			.assistant-identity .assistant-workout-user-receipt summary, .assistant-identity .assistant-workout-receipt summary	color:var(--fg); font-size:12px; font-weight:500
src/styles.css:5835	assistant-identity	static_only			.assistant-identity .assistant-workout-user-receipt ol, .assistant-identity .assistant-workout-receipt p	color:var(--secondary-label-fg); font-size:12px; font-weight:500
src/styles.css:5838	assistant-identity	static_only			.assistant-identity .assistant-context-panel, .assistant-identity .assistant-context-panel:has(> .assistant-workout-draft), .assistant-identity .assistant-flow-card, .assistant-identity .assistant-action-card, .assistant-identity .assistant-workout-card, .assistant-identity .assistant-inline-summary	border:1px solid var(--border); border-radius:18px; background:var(--surface-raised); background-image:none; box-shadow:none
src/styles.css:5844	assistant-identity	static_only			.assistant-identity .assistant-context-panel	gap:14px; padding:16px
src/styles.css:5845	assistant-identity	static_only			.assistant-identity .assistant-context-panel.assistant-context-panel-client-program	padding:0; border:0; border-radius:0; background:transparent
src/styles.css:5846	assistant-identity	static_only			.assistant-identity .assistant-context-panel > .assistant-flow-card, .assistant-identity .assistant-context-panel > .assistant-progress-preview	border:0; border-radius:0; background:transparent
src/styles.css:5848	assistant-identity	static_only			.assistant-identity .assistant-flow-card, .assistant-identity .assistant-action-card, .assistant-identity .assistant-workout-card, .assistant-identity .assistant-inline-summary	gap:12px; padding:16px
src/styles.css:5852	assistant-identity	static_only			.assistant-identity .assistant-flow-card > header small, .assistant-identity .assistant-workout-draft-content > header small, .assistant-identity .assistant-workout-result > header small, .assistant-identity .assistant-workout-ambiguous-head small	color:var(--secondary-label-fg); font-size:12px; font-weight:500; letter-spacing:0
src/styles.css:5856	assistant-identity	static_only			.assistant-identity .assistant-flow-card > header strong, .assistant-identity .assistant-workout-draft-content > header strong, .assistant-identity .assistant-workout-result > header strong, .assistant-identity .assistant-workout-ambiguous-head strong	color:var(--fg); font-size:18px; font-weight:600; line-height:1.2; letter-spacing:-.018em
src/styles.css:5860	assistant-identity	static_only			.assistant-identity .assistant-flow-status	min-height:28px; display:inline-flex; align-items:center; padding:0 9px; border:1px solid var(--border); border-radius:10px; background:var(--surface-sunken); color:var(--fg); font-size:12px; font-weight:500
src/styles.css:5861	assistant-identity	static_only			.assistant-identity .assistant-flow-empty, .assistant-identity .assistant-flow-fact, .assistant-identity .assistant-progress-preview, .assistant-identity .assistant-progress-preview .assistant-period-options, .assistant-identity .assistant-workout-transcript, .assistant-identity .assistant-inline-summary-headline, .assistant-identity .assistant-inline-summary-metrics > div, .assistant-identity .assistant-workout-recognition-state	border:0; border-radius:14px; background:var(--surface-sunken); background-image:none
src/styles.css:5869	assistant-identity	static_only			.assistant-identity .assistant-progress-preview	gap:10px; padding:14px
src/styles.css:5870	assistant-identity	static_only			.assistant-identity .assistant-progress-preview span, .assistant-identity .assistant-progress-preview small, .assistant-identity .assistant-flow-empty span, .assistant-identity .assistant-flow-fact small, .assistant-identity .assistant-workout-transcript small, .assistant-identity .assistant-inline-summary header small, .assistant-identity .assistant-inline-summary header span, .assistant-identity .assistant-inline-summary-section > small, .assistant-identity .assistant-inline-summary-section ul, .assistant-identity .assistant-workout-recognition-state span	color:var(--secondary-label-fg); font-size:12px; font-weight:500
src/styles.css:5880	assistant-identity	static_only			.assistant-identity .assistant-progress-preview b, .assistant-identity .assistant-inline-summary-status	color:var(--fg); font-weight:500
src/styles.css:5882	assistant-identity	static_only			.assistant-identity .assistant-inline-summary-status.saved	color:var(--success-fg)
src/styles.css:5883	assistant-identity	static_only			.assistant-identity .assistant-inline-summary-metrics strong	font-size:18px; font-weight:600
src/styles.css:5884	assistant-identity	static_only			.assistant-identity .assistant-flow-checklist	gap:7px
src/styles.css:5885	assistant-identity	static_only			.assistant-identity .assistant-flow-checklist span	min-height:32px; display:inline-flex; align-items:center; padding:0 9px; border:1px solid var(--border); border-radius:10px; color:var(--secondary-label-fg); font-size:12px; font-weight:500
src/styles.css:5886	assistant-identity	static_only			.assistant-identity .assistant-flow-checklist.complete span	border-color:var(--border); background:transparent; color:var(--success-fg)
src/styles.css:5887	assistant-identity	static_only			.assistant-identity .assistant-context-panel > .assistant-program-card-compact	gap:8px; padding:0
src/styles.css:5888	assistant-identity	static_only			.assistant-identity .assistant-program-card-compact > header	align-items:center
src/styles.css:5889	assistant-identity	static_only			.assistant-identity .assistant-program-card-compact > header > span:first-child	display:flex; align-items:baseline; gap:4px 8px
src/styles.css:5890	assistant-identity	static_only			.assistant-identity .assistant-program-client-actions	display:grid; gap:8px
src/styles.css:5891	assistant-identity	static_only			.assistant-identity .assistant-program-client-actions > .assistant-flow-actions:last-child	justify-content:flex-start
src/styles.css:5893	assistant-identity	static_only			.assistant-identity .assistant-flow-actions	gap:8px 16px
src/styles.css:5894	assistant-identity	static_only			.assistant-identity .assistant-flow-actions > button:not(.assistant-action-cancel), .assistant-identity .assistant-action-card button:not(.assistant-action-cancel), .assistant-identity .assistant-inline-summary > button, .assistant-identity .assistant-progress-preview > button:not(.assistant-action-cancel)	min-height:48px; padding:0 16px; border-radius:14px; font-size:14px; font-weight:500
src/styles.css:5898	assistant-identity	static_only			.assistant-identity .assistant-flow-actions .primary, .assistant-identity .assistant-action-card .primary, .assistant-identity .assistant-progress-preview .primary, .assistant-identity .assistant-workout-draft > .assistant-flow-actions > .primary, .assistant-identity .assistant-workout-draft-content > .assistant-workout-result > .primary	border:1px solid var(--mono-primary); background:var(--mono-primary); color:var(--mono-on-primary); box-shadow:none
src/styles.css:5903	assistant-identity	static_only			.assistant-identity .assistant-action-cancel, .assistant-identity .assistant-flow-card .assistant-action-cancel, .assistant-identity .assistant-program-draft .assistant-action-cancel, .assistant-identity .assistant-workout-result + .assistant-action-cancel, .assistant-identity .assistant-workout-draft > .assistant-flow-actions .assistant-action-cancel	min-height:44px; padding:0; border:0; background:transparent; color:var(--secondary-label-fg); font-size:12px; font-weight:500; box-shadow:none
src/styles.css:5908	assistant-identity	static_only			.assistant-identity .assistant-action-cancel:hover	color:var(--fg)
src/styles.css:5909	assistant-identity	matched_in_runtime	/assistant		.assistant-identity button:disabled	opacity:1; border-color:var(--border); background:var(--surface-sunken); color:var(--secondary-label-fg); box-shadow:none
src/styles.css:5910	assistant-identity	static_only			.assistant-identity button:focus-visible, .assistant-identity summary:focus-visible, .assistant-identity textarea:focus-visible, .assistant-identity input:focus-visible, .assistant-identity select:focus-visible	outline:2px solid var(--fg); outline-offset:2px
src/styles.css:5916	assistant-identity	static_only			.assistant-identity .assistant-client-choices	gap:8px
src/styles.css:5917	assistant-identity	static_only			.assistant-identity .assistant-client-choices button	min-height:48px; padding:10px 12px; border-color:var(--border); border-radius:14px; background:var(--surface-sunken); color:var(--fg); font-size:14px; font-weight:500
src/styles.css:5918	assistant-identity	static_only			.assistant-identity .assistant-client-choices button span	color:var(--secondary-label-fg); font-size:12px; font-weight:500
src/styles.css:5919	assistant-identity	static_only			.assistant-identity .assistant-program-draft	gap:12px; padding:0; background:transparent
src/styles.css:5920	assistant-identity	static_only			.assistant-identity .assistant-client-fields label, .assistant-identity .assistant-program-card label, .assistant-identity .assistant-program-draft label	gap:6px; color:var(--secondary-label-fg); font-size:12px; font-weight:500
src/styles.css:5923	assistant-identity	static_only			.assistant-identity .assistant-client-fields input, .assistant-identity .assistant-client-fields select, .assistant-identity .assistant-program-card input, .assistant-identity .assistant-program-draft input	min-height:48px; padding:10px 12px; border:1px solid var(--border); border-radius:14px; background:var(--surface-sunken); color:var(--fg); font-family:inherit; font-size:16px; font-weight:400; box-shadow:none
src/styles.css:5927	assistant-identity	static_only			.assistant-identity .assistant-program-sessions details	border-color:var(--border); border-radius:14px; background:var(--surface-sunken)
src/styles.css:5928	assistant-identity	static_only			.assistant-identity .assistant-program-sessions summary	min-height:52px; padding:10px 12px
src/styles.css:5929	assistant-identity	static_only			.assistant-identity .assistant-program-sessions summary strong	font-size:14px; font-weight:500
src/styles.css:5930	assistant-identity	static_only			.assistant-identity .assistant-program-sessions summary small, .assistant-identity .assistant-program-sessions summary b	color:var(--secondary-label-fg); font-size:12px; font-weight:500
src/styles.css:5932	assistant-identity	static_only			.assistant-identity .assistant-program-sessions details[open] summary	border-color:var(--border); background:var(--surface-raised)
src/styles.css:5934	assistant-identity	static_only			.assistant-identity .assistant-context-panel:has(> .assistant-workout-draft) > .assistant-flow-card.assistant-workout-draft	gap:16px; padding:16px; border:0; border-radius:18px; background:transparent
src/styles.css:5935	assistant-identity	static_only			.assistant-identity .assistant-workout-heading	gap:4px
src/styles.css:5936	assistant-identity	static_only			.assistant-identity .assistant-workout-heading small	font-size:12px; letter-spacing:0
src/styles.css:5937	assistant-identity	static_only			.assistant-identity .assistant-workout-heading strong	font-size:18px; font-weight:600; line-height:1.2; letter-spacing:-.018em
src/styles.css:5938	assistant-identity	static_only			.assistant-identity .assistant-workout-draft .assistant-flow-status	min-height:28px; padding:0 9px; border-radius:10px; font-size:12px
src/styles.css:5939	assistant-identity	static_only			.assistant-identity .assistant-workout-meta	grid-template-columns:minmax(0,1.5fr) minmax(0,1fr); gap:8px
src/styles.css:5940	assistant-identity	static_only			.assistant-identity .assistant-workout-meta label	min-height:68px; gap:6px; padding:10px 12px; border:1px solid var(--border); border-radius:14px; background:var(--surface-sunken); color:var(--secondary-label-fg); font-size:12px; font-weight:500
src/styles.css:5941	assistant-identity	static_only			.assistant-identity .assistant-workout-meta input, .assistant-identity .assistant-program-draft .assistant-workout-meta input	min-height:32px; padding:0; border:0; background:transparent; color:var(--fg); font-size:16px; font-weight:400
src/styles.css:5943	assistant-identity	static_only			.assistant-identity .assistant-workout-fragment-count	color:var(--secondary-label-fg); font-size:12px; font-weight:500
src/styles.css:5944	assistant-identity	static_only			.assistant-identity .assistant-workout-result	gap:10px
src/styles.css:5945	assistant-identity	static_only			.assistant-identity .assistant-workout-result-list	gap:8px
src/styles.css:5946	assistant-identity	static_only			.assistant-identity .assistant-workout-result-row	grid-template-columns:minmax(0,1fr) auto 30px; gap:8px; min-height:72px; padding:10px; border:1px solid var(--border); border-radius:14px; background:var(--surface-sunken)
src/styles.css:5947	assistant-identity	static_only			.assistant-identity .assistant-workout-exercise-name strong	font-size:14px; font-weight:500; line-height:1.25
src/styles.css:5948	assistant-identity	static_only			.assistant-identity .assistant-workout-exercise-name small	color:var(--secondary-label-fg); font-size:12px; font-weight:500
src/styles.css:5949	assistant-identity	static_only			.assistant-identity .assistant-workout-metrics, .assistant-identity .assistant-exercise-choice > .assistant-workout-metrics	grid-template-columns:repeat(3, 44px); gap:5px
src/styles.css:5951	assistant-identity	static_only			.assistant-identity .assistant-workout-metrics label	min-height:54px; padding:5px 3px; border:1px solid var(--border); border-radius:10px; background:var(--surface-raised); color:var(--secondary-label-fg)
src/styles.css:5952	assistant-identity	static_only			.assistant-identity .assistant-workout-metrics input, .assistant-identity .assistant-program-draft .assistant-workout-metrics input	min-height:28px; padding:0; color:var(--fg); font-size:16px; font-weight:600
src/styles.css:5954	assistant-identity	static_only			.assistant-identity .assistant-workout-metrics small	font-size:12px; font-weight:500
src/styles.css:5955	assistant-identity	static_only			.assistant-identity .assistant-workout-remove	width:30px; min-height:44px; color:var(--secondary-label-fg)
src/styles.css:5956	assistant-identity	static_only			.assistant-identity .assistant-workout-remove:hover	color:var(--danger)
src/styles.css:5957	assistant-identity	static_only			.assistant-identity .assistant-exercise-choice	gap:12px; padding:14px; border:1px solid var(--border); border-radius:14px; background:var(--surface-sunken)
src/styles.css:5958	assistant-identity	static_only			.assistant-identity .assistant-exercise-options	gap:8px
src/styles.css:5959	assistant-identity	static_only			.assistant-identity .assistant-exercise-options button, .assistant-identity .assistant-exercise-options button:first-child	min-height:48px; padding:10px 12px; border:1px solid var(--border); border-radius:14px; background:var(--surface-raised); background-image:none; color:var(--fg); font-size:14px; font-weight:500
src/styles.css:5961	assistant-identity	static_only			.assistant-identity .assistant-exercise-options button:first-child	border-color:var(--mono-primary); background:var(--mono-primary); color:var(--mono-on-primary)
src/styles.css:5962	assistant-identity	static_only			.assistant-identity .assistant-workout-draft-content > .assistant-flow-guidance	padding-inline:0; font-size:12px; line-height:1.4
src/styles.css:5963	assistant-identity	static_only			.assistant-identity .assistant-workout-draft > .assistant-flow-actions	gap:10px; padding-top:4px
src/styles.css:5964	assistant-identity	static_only			.assistant-identity .assistant-workout-draft > .assistant-flow-actions > .primary, .assistant-identity .assistant-workout-draft-content > .assistant-workout-result > .primary	width:min(100%, 320px); min-height:48px; padding:0 16px; border-radius:14px; font-size:14px; font-weight:500
src/styles.css:5967	assistant-identity	matched_in_runtime	/assistant		.assistant-identity .assistant-composer	grid-template-columns:minmax(0,1fr) 48px 48px; gap:6px; margin-top:0; padding:5px; border:1px solid var(--border); border-radius:18px; background:var(--surface-raised); box-shadow:none
src/styles.css:5968	assistant-identity	affects_computed_style	/assistant	padding-top,padding-bottom,border-top-left-radius,border-top-right-radius,font-size	.assistant-identity .assistant-composer textarea, .assistant-identity .assistant-composer > input	min-height:48px; padding:12px; border-radius:14px; color:var(--fg); font-family:inherit; font-size:16px; font-weight:400; line-height:1.4
src/styles.css:5970	assistant-identity	matched_in_runtime	/assistant		.assistant-identity .assistant-composer textarea::placeholder	color:var(--secondary-label-fg)
src/styles.css:5971	assistant-identity	static_only			.assistant-identity .assistant-composer textarea:focus, .assistant-identity .assistant-composer > input:focus	outline:0
src/styles.css:5974	assistant-identity	affects_computed_style	/assistant	min-height	.assistant-identity .assistant-icon-button	width:48px; min-height:48px; border:1px solid var(--border); border-radius:14px; background:transparent; color:var(--fg); box-shadow:none
src/styles.css:5975	assistant-identity	matched_in_runtime	/assistant		.assistant-identity .assistant-composer > .assistant-icon-button:last-child	border-color:var(--mono-primary); background:var(--mono-primary); color:var(--mono-on-primary)
src/styles.css:5976	assistant-identity	static_only			.assistant-identity .assistant-icon-button.recording	border-color:var(--border); background:var(--surface-sunken); color:var(--danger)
src/styles.css:5977	assistant-identity	static_only			.assistant-identity .assistant-reset	min-height:44px; color:var(--secondary-label-fg); font-size:12px; font-weight:500
src/styles.css:5978	assistant-identity	static_only			.assistant-identity .assistant-workout-saved	padding:14px 16px; border-color:var(--border); border-radius:18px; background:var(--surface-raised)
src/styles.css:5979	assistant-identity	static_only			.assistant-identity .assistant-workout-saved > span	background:transparent; color:var(--success-fg); font-weight:600
src/styles.css:5980	assistant-identity	static_only			.assistant-identity .assistant-workout-saved strong	font-size:14px; font-weight:500
src/styles.css:5981	assistant-identity	static_only			.assistant-identity .assistant-workout-saved small	color:var(--secondary-label-fg); font-size:12px; font-weight:500
src/styles.css:5982	assistant-identity	matched_in_runtime	/assistant		.assistant-identity .tab-bar	border-color:var(--border); background:var(--bar-bg); box-shadow:none
src/styles.css:5983	assistant-identity	matched_in_runtime	/assistant		.assistant-identity .tab-bar a	color:var(--secondary-label-fg); background:transparent
src/styles.css:5984	assistant-identity	matched_in_runtime	/assistant		.assistant-identity .tab-bar a.active	color:var(--fg); background:var(--surface-sunken)
src/styles.css:5987	assistant-identity	affects_computed_style	/assistant	background-color,padding-top	.assistant-identity .assistant-page	width:min(100%, 760px); margin:0 auto; padding:20px 24px calc(112px + env(safe-area-inset-bottom))
src/styles.css:5988	assistant-identity	static_only			.assistant-identity .assistant-message.assistant-message-assistant	width:min(100%, 520px)
src/styles.css:5993	assistant-identity	affects_computed_style	/assistant	background-color,padding-top	.assistant-identity .assistant-page	gap:10px; padding:8px 16px 0
src/styles.css:5994	assistant-identity	static_only			.assistant-identity .assistant-context-panel	padding:14px
src/styles.css:5995	assistant-identity	static_only			.assistant-identity .assistant-context-panel:has(> .assistant-workout-draft) > .assistant-flow-card.assistant-workout-draft	padding:14px
src/styles.css:5996	assistant-identity	matched_in_runtime	/assistant		.assistant-identity .assistant-composer, .assistant-identity.keyboard-open .assistant-composer	padding:5px; background:var(--surface-raised)
src/styles.css:6028	client-home-identity	affects_computed_style	/me	min-height,border-top-left-radius,border-top-right-radius,color	.client-home-identity .voice-action > .voice-action-hitarea, .trainer-today-identity .voice-action > .voice-action-hitarea, .client-home-identity .voice-action > .voice-action-hitarea:hover, .trainer-today-identity .voice-action > .voice-action-hitarea:hover, .client-home-identity .voice-action > .voice-action-hitarea:disabled, .trainer-today-identity .voice-action > .voice-action-hitarea:disabled	min-height:0; border:0; border-radius:inherit; background:transparent; color:transparent; box-shadow:none
src/styles.css:6041	client-home-identity	static_only			.client-home-identity .voice-action > .voice-action-hitarea:focus-visible, .trainer-today-identity .voice-action > .voice-action-hitarea:focus-visible	outline:2px solid var(--mono-on-primary); outline-offset:-4px
src/styles.css:6046	client-home-identity	static_only			.client-home-identity .voice-action-recording, .trainer-today-identity .voice-action-recording	grid-template-areas:"copy button" "controls controls" "error error"
src/styles.css:6050	client-home-identity	static_only			.client-home-identity .voice-action:has(.voice-action-error):not(.voice-action-recording), .trainer-today-identity .voice-action:has(.voice-action-error):not(.voice-action-recording)	grid-template-areas:"copy button" "label button" "error error"
src/styles.css:6057		matched_in_runtime	/me		.personal-workout-result > p, .personal-workout-result h2	margin:0
src/styles.css:6059		matched_in_runtime	/me		.personal-workout-result > p:not(.eyebrow)	color:var(--muted)
src/styles.css:6083		matched_in_runtime	/me/progress		.client-body-map-disclosure > summary	min-height:44px; padding:10px 0; font-weight:var(--weight-semibold)
src/styles.css:6104	progress-identity	affects_computed_style	/me/progress	min-height,padding-top,padding-bottom	.progress-identity .progress-story-period	display:grid; min-height:0; align-items:stretch; gap:10px; padding:16px 18px
src/styles.css:6105	progress-identity	matched_in_runtime	/me/progress		.progress-identity .progress-story-period .ai-progress-header	padding:0
src/styles.css:6106	progress-identity	affects_computed_style	/me/progress	font-size	.progress-identity .progress-story-period .ai-progress-title h2	font-size:16px; font-weight:600; letter-spacing:-.01em
src/styles.css:6107	progress-identity	matched_in_runtime	/me/progress		.progress-identity .progress-story-period .ai-progress-periods	width:100%; margin:0
src/styles.css:6108	progress-identity	static_only			.progress-identity .progress-story-period .ai-progress-periods.period-count-1	width:100%
src/styles.css:6109		affects_computed_style	/me/progress	color,font-size	.progress-period-dates	margin:0; color:var(--muted); font-size:var(--type-caption-size)
src/styles.css:6110		matched_in_runtime	/me/workouts,/me/progress		.progress-view-tabs	display:grid; grid-template-columns:repeat(2,minmax(0,1fr)); gap:4px; padding:4px; border-radius:15px; background:var(--surface-sunken)
src/styles.css:6111		affects_computed_style	/me/workouts,/me/progress	padding-top,padding-bottom,font-size	.progress-view-tabs button	min-height:44px; padding:8px 12px; border:0; border-radius:12px; background:transparent; color:var(--muted); font-size:var(--type-caption-size); font-weight:500; box-shadow:none
src/styles.css:6112		matched_in_runtime	/me/workouts,/me/progress		.progress-view-tabs button.active	border:1px solid var(--border); background:var(--surface); color:var(--fg)
src/styles.css:6115		affects_computed_style	/me/progress	padding-top,padding-bottom,border-top-left-radius,border-top-right-radius,background-color	.progress-analysis-preview	display:grid; gap:8px; padding:16px 18px; border:1px solid var(--border); border-radius:var(--radius-lg); background:var(--surface-sunken)
src/styles.css:6117		affects_computed_style	/me/progress	font-size	.progress-analysis-preview-head h3	margin:0; font-size:16px; font-weight:600
src/styles.css:6119		matched_in_runtime	/me/progress		.progress-analysis-preview p	margin:0
src/styles.css:6124		matched_in_runtime	/me/progress		.progress-overview-panel > .client-current-week, .progress-overview-panel > .client-progress-goal-story, .progress-overview-panel > .client-progress-measurements-story, .progress-overview-panel > .period-exercise-results	margin:0
src/styles.css:6129		affects_computed_style	/me/progress	font-size	.progress-overview-panel .period-exercise-results > h3 + .muted	margin-top:-6px; font-size:var(--type-caption-size)
src/styles.css:6130		affects_computed_style	/me/progress	color,font-size	.progress-pro-intro	margin:2px 4px 0; color:var(--muted); font-size:var(--type-caption-size); line-height:var(--leading-body)
src/styles.css:6131		matched_in_runtime	/me/progress		.progress-pro-list	display:grid; gap:8px; overflow:visible; border:0; border-radius:0; background:transparent
src/styles.css:6132	progress-identity	affects_computed_style	/me/progress	padding-top,padding-bottom,border-top-left-radius,border-top-right-radius,background-color	.progress-identity .progress-pro-list > details, .progress-identity .progress-pro-list > details.card, .progress-identity .progress-pro-list > details.client-progress-comparison	display:block; overflow:visible; margin:0; padding:0; border:0; border-radius:0; background:transparent
src/styles.css:6135		matched_in_runtime	/me/progress		.progress-pro-list > details + details	border-top:0
src/styles.css:6136	progress-identity	affects_computed_style	/me/progress	min-height,padding-top,padding-bottom,border-top-left-radius,border-top-right-radius	.progress-identity .progress-pro-list > details > summary.progress-details-toggle	width:100%; min-height:58px; margin:0; padding:11px 15px; border:1px solid var(--border); border-radius:var(--radius-lg); background:var(--surface)
src/styles.css:6138		matched_in_runtime	/me/progress		.progress-details-copy > span	font-weight:500
src/styles.css:6139		affects_computed_style	/me/progress	color,font-size,font-weight	.progress-details-copy > small	color:var(--muted); font-size:var(--type-micro-size); font-weight:400; line-height:var(--leading-body)
src/styles.css:6140	progress-identity	static_only			.progress-identity .progress-pro-list > details[open] > summary.progress-details-toggle	width:100%; margin:0; padding:11px 15px; border:1px solid var(--border); border-radius:var(--radius-lg); background:var(--surface)
src/styles.css:6141	progress-identity	static_only			.progress-identity .progress-pro-list > details[open]	padding:0; border:0; background:transparent
src/styles.css:6142	progress-identity	static_only			.progress-identity .progress-pro-list > details[open] > :not(summary)	margin-inline:15px
src/styles.css:6143	progress-identity	static_only			.progress-identity .progress-pro-list > details[open] > summary + *	margin-top:14px
src/styles.css:6144	progress-identity	static_only			.progress-identity .progress-pro-list > details[open] > :last-child	margin-bottom:8px
src/styles.css:6145		matched_in_runtime	/me/progress		.progress-pro-section-content	padding-top:0
src/styles.css:6147		affects_computed_style	/me/progress	border-top-left-radius,border-top-right-radius	.progress-pro-section .running-progress-card	margin:0; border:0; border-radius:0; background:transparent
src/styles.css:6148	progress-identity	affects_computed_style	/me/progress	padding-top,padding-bottom,border-top-left-radius,border-top-right-radius,background-color	.progress-identity .progress-pro-section .client-progress-goal-story.standalone	margin:0; padding:0; border:0; border-radius:0; background:transparent
src/styles.css:6151	progress-identity	affects_computed_style	/me/progress	border-top-left-radius,border-top-right-radius,background-color	.progress-identity .client-progress-goal-story.standalone	border:1px solid var(--border); border-radius:var(--radius-lg); background:var(--surface)
src/styles.css:6152	progress-identity	affects_computed_style	/me/progress	padding-top,padding-bottom	.progress-identity .client-progress-goal-story.compact	gap:6px; padding:14px 16px
src/styles.css:6153	progress-identity	matched_in_runtime	/me/progress		.progress-identity .client-progress-goal-story.compact h3	font-size:16px; line-height:1.3
src/styles.css:6154	progress-identity	affects_computed_style	/me/progress	min-height,font-size	.progress-identity .client-progress-goal-story.compact .client-progress-goal-story-head .link	min-height:36px; padding:4px 0; font-size:var(--type-caption-size)
src/styles.css:6155	progress-identity	matched_in_runtime	/me/progress		.progress-identity .client-progress-goal-story.compact .goal-compact-status	color:var(--muted); font-size:var(--type-caption-size); line-height:var(--leading-body)
src/styles.css:6156	progress-identity	static_only			.progress-identity .client-progress-goal-story.compact .goal-compact-status strong	color:var(--fg); font-weight:var(--weight-semibold)
src/styles.css:6157	progress-identity	affects_computed_style	/me/progress	min-height,font-size	.progress-identity .client-progress-goal-story.compact .goal-details-link	min-height:36px; padding:4px 0; font-size:var(--type-caption-size)
src/styles.css:6158	progress-identity	static_only			.progress-identity .client-progress-goal-story.compact .goal-compact-footer	display:flex; align-items:center; justify-content:space-between; gap:0 12px
src/styles.css:6159	progress-identity	matched_in_runtime	/me/progress		.progress-identity .client-progress-goal-story.compact .goal-compact-footer p	margin:0
src/styles.css:6161		matched_in_runtime	/me/progress		.client-current-week h3, .period-exercise-results h3, .period-exercise-result h4	margin:0
src/styles.css:6162		matched_in_runtime	/me/progress		.client-current-week p, .period-exercise-results p	margin:0
src/styles.css:6171		matched_in_runtime	/me/progress		.client-progress-card > details > summary, .client-progress-card .goal-criteria-progress-list summary, .client-progress-card .period-exercise-results summary, .client-progress-card .measurement-story-details summary, .client-progress-card .period-exercise-result .link	min-height:44px; padding:10px 0
src/styles.css:6175		matched_in_runtime	/me/progress		.measurement-story-details .measurement-story-facts	margin-top:12px
src/styles.css:6176	progress-identity	static_only			.progress-identity .period-rhythm.card	display:block
src/styles.css:6177	progress-identity	affects_computed_style	/me/progress	padding-top,padding-bottom,border-top-left-radius,border-top-right-radius	.progress-identity .period-rhythm .client-progress-regularity-story	padding:0; border:0; border-radius:0; background:transparent
src/styles.css:6178	progress-identity	static_only			.progress-identity .client-progress-card > .running-progress-card	margin:0
src/styles.css:6181		matched_in_runtime	/me/progress		.client-results-center > summary, .weekly-training-load > summary	font-weight:600
src/styles.css:6205		matched_in_runtime	/me/progress		.client-results-center summary::before, .weekly-training-load summary::before	display:inline-block; width:0; height:0; border-top:5px solid transparent; border-bottom:5px solid transparent; border-left:7px solid currentColor; margin-right:9px
src/styles.css:6212	progress-identity	affects_computed_style	/me/progress	min-height,padding-top,padding-bottom,border-top-left-radius,border-top-right-radius,background-color,font-size,font-weight	.progress-identity .client-progress-card summary.progress-details-toggle	display:flex; align-items:center; justify-content:space-between; gap:12px; min-height:48px; padding:12px 14px; margin:0; border:1px solid var(--border); border-radius:var(--radius-md); background:var(--surface); color:var(--fg); font-size:var(--type-body-size); font-weight:500
src/styles.css:6219	progress-identity	static_only			.progress-identity .client-progress-card summary.progress-details-toggle::before	display:none
src/styles.css:6223	progress-identity	static_only			.progress-identity .client-progress-card > details.card	padding:0; border:0; background:transparent
src/styles.css:6224	progress-identity	static_only			.progress-identity .client-progress-card > details.card[open]	padding:16px; border:1px solid var(--border); background:var(--surface)
src/styles.css:6225	progress-identity	static_only			.progress-identity .client-progress-card > details.card[open] > .progress-details-toggle	padding:0; border:0
src/styles.css:6226	progress-identity	matched_in_runtime	/me/progress		.progress-identity .client-results-center	margin-top:8px
src/styles.css:6227	progress-identity	static_only			.progress-identity .period-exercise-results:has(.client-results-center[open]) > .period-exercise-result, .progress-identity .period-exercise-results:has(.client-results-center[open]) > .period-achievements-more, .progress-identity .period-exercise-results:has(.client-results-center[open]) > p	display:none
src/styles.css:6234	live-identity	affects_computed_style	/workouts/10000000-0000-4000-8000-000000000003/live	padding-top,padding-bottom	.live-identity .live-timer-toolbar .live-timer	margin:0; padding:8px 12px; min-height:56px; font-size:24px
src/styles.css:6235		matched_in_runtime	/workouts/10000000-0000-4000-8000-000000000003/live		.live-rest-trigger	display:flex; align-items:center; justify-content:center; gap:8px; min-height:56px; font-variant-numeric:tabular-nums
src/styles.css:6267	live-identity	static_only			.live-identity .live-previous-result	min-height:20px
src/styles.css:6275	live-identity	static_only			.live-identity .live-workout-page .live-set-table > .live-set, .live-identity .live-workout-page .circuit-round .live-set	border:0
src/styles.css:6277	live-identity	static_only			.live-identity .live-workout-page .live-set-table > .live-set + .live-set, .live-identity .live-workout-page .circuit-round .live-set + .live-set	box-shadow:none
src/styles.css:6282		affects_computed_style	/me/trainers	padding-bottom	.trainer-professional-editor, .public-trainer-page, .trainer-catalog-page	display:grid; gap:16px; width:min(100%, 720px); margin:0 auto; padding-bottom:calc(32px + env(safe-area-inset-bottom))
src/styles.css:6283		matched_in_runtime	/me/trainers		.trainer-catalog-page > .page-header	min-height:44px; grid-template-columns:44px minmax(0,1fr) 44px; margin-bottom:0
src/styles.css:6284		matched_in_runtime	/me/trainers		.trainer-catalog-page > .page-header h1	overflow:hidden; font-size:24px; font-weight:600; line-height:1.12
src/styles.css:6285		affects_computed_style	/me/trainers	color	.trainer-catalog-intro	margin:-4px 0 0; color:var(--muted)
src/styles.css:6286		matched_in_runtime	/me/trainers		.trainer-catalog-search	display:grid; align-items:stretch; justify-content:stretch; gap:12px; padding:16px; box-shadow:none
src/styles.css:6288		matched_in_runtime	/me/trainers		.trainer-catalog-query > input	width:100%; padding-right:48px
src/styles.css:6529		affects_computed_style	/me	border-top-left-radius,border-top-right-radius,background-color,color,text-decoration-line	.chat-header-action	position:relative; width:44px; height:44px; display:grid; border:1px solid var(--border); border-radius:14px; background:var(--surface-raised); color:var(--fg); text-decoration:none
src/styles.css:6531		affects_computed_style	/me	border-top-left-radius,border-top-right-radius,background-color,color,font-size,font-weight	.chat-unread-badge	position:absolute; height:19px; display:grid; padding:0 5px; border:2px solid var(--frame-bg); border-radius:var(--radius-pill); background:var(--mono-primary); color:var(--mono-on-primary); font-size:10px; font-weight:var(--weight-bold); line-height:1
src/styles.css:6532	chat-identity	affects_computed_style	/chat,/chat/10000000-0000-4000-8000-000000000004	padding-bottom	.chat-identity .content-immersive	padding-bottom:0; overflow:hidden
src/styles.css:6533		affects_computed_style	/chat,/chat/10000000-0000-4000-8000-000000000004	min-height	.chat-list-page, .chat-conversation-page	min-height:100%; padding-bottom:max(18px,env(safe-area-inset-bottom))
src/styles.css:6535		affects_computed_style	/chat	padding-top,padding-bottom	.chat-thread	width:100%; min-height:76px; display:grid; grid-template-columns:48px minmax(0,1fr) auto; align-items:center; gap:12px; padding:12px; border-radius:18px; background:var(--surface-raised); color:var(--fg)
src/styles.css:6536		affects_computed_style	/chat	font-size,font-weight	.chat-avatar	width:48px; height:48px; display:grid; border-radius:16px; background:var(--surface-sunken); font-size:18px; font-weight:var(--weight-bold)
src/styles.css:6539		matched_in_runtime	/chat		.chat-thread-copy small	overflow:hidden
src/styles.css:6540		matched_in_runtime	/chat		.chat-thread-copy small	color:var(--muted); font-weight:var(--weight-regular)
src/styles.css:6542		affects_computed_style	/chat	font-size	.chat-thread-meta	align-self:stretch; display:flex; align-items:flex-end; justify-content:space-between; gap:6px; color:var(--muted); font-size:11px
src/styles.css:6543		affects_computed_style	/chat	border-top-left-radius,border-top-right-radius	.chat-thread-meta b	height:22px; display:grid; padding:0 6px; border-radius:var(--radius-pill); background:var(--accent); color:var(--on-accent); font-size:11px
src/styles.css:6544		matched_in_runtime	/chat/10000000-0000-4000-8000-000000000004		.chat-conversation-page	height:100%; display:flex; padding-bottom:0
src/styles.css:6545		matched_in_runtime	/chat/10000000-0000-4000-8000-000000000004		.chat-conversation-page > .page-header	display:grid; grid-template-columns:44px minmax(0,1fr) auto; align-items:center; margin-bottom:12px
src/styles.css:6552		matched_in_runtime	/chat/10000000-0000-4000-8000-000000000004		.chat-page-actions .overflow-trigger, .chat-page-search	border-color:transparent; background:transparent
src/styles.css:6560		affects_computed_style	/chat/10000000-0000-4000-8000-000000000004	padding-top,padding-bottom	.chat-page-search	width:44px; height:44px; display:grid; padding:0; border:1px solid var(--border); border-radius:14px; background:var(--surface-raised); color:var(--fg)
src/styles.css:6579		matched_in_runtime	/chat/10000000-0000-4000-8000-000000000004		.chat-messages	margin-top:auto; display:flex; gap:8px; padding:12px 0
src/styles.css:6581		matched_in_runtime	/chat/10000000-0000-4000-8000-000000000004		.chat-message	width:fit-content; padding:10px 12px 7px; border:1px solid var(--border); border-radius:18px 18px 18px 5px; background:var(--surface-raised)
src/styles.css:6582		matched_in_runtime	/chat/10000000-0000-4000-8000-000000000004		.chat-message.own	align-self:flex-end; border-radius:18px 18px 5px 18px; background:var(--surface-sunken)
src/styles.css:6586		matched_in_runtime	/chat/10000000-0000-4000-8000-000000000004		.chat-message p	margin:0; overflow-wrap:anywhere; line-height:1.4
src/styles.css:6592		matched_in_runtime	/chat/10000000-0000-4000-8000-000000000004		.chat-message small	display:flex; justify-content:flex-end; gap:7px; margin-top:4px; color:var(--muted); font-size:10px
src/styles.css:6598		affects_computed_style	/chat/10000000-0000-4000-8000-000000000004	font-weight	.chat-unread-divider	display:flex; align-items:center; gap:10px; margin:8px 0 4px; color:var(--accent); font-size:11px; font-weight:var(--weight-bold)
src/styles.css:6599		matched_in_runtime	/chat/10000000-0000-4000-8000-000000000004		.chat-unread-divider::before, .chat-unread-divider::after	height:1px; background:color-mix(in srgb,var(--accent) 35%,transparent)
src/styles.css:6600		affects_computed_style	/chat/10000000-0000-4000-8000-000000000004	padding-top,padding-bottom,font-size	.chat-new-button	position:sticky; align-self:center; min-height:38px; display:flex; align-items:center; gap:7px; padding:8px 12px; border:1px solid var(--border); border-radius:var(--radius-pill); background:var(--surface-raised); color:var(--fg); font-size:12px
src/styles.css:6601		affects_computed_style	/chat/10000000-0000-4000-8000-000000000004	border-top-left-radius,border-top-right-radius,font-size	.chat-new-button b	height:20px; display:grid; padding:0 5px; border-radius:var(--radius-pill); background:var(--accent); color:var(--on-accent); font-size:10px
src/styles.css:6602		matched_in_runtime	/chat/10000000-0000-4000-8000-000000000004		.chat-composer	position:sticky; display:grid; gap:7px; padding:10px 0 max(10px,env(safe-area-inset-bottom)); background:var(--frame-bg)
src/styles.css:6610		affects_computed_style	/chat/10000000-0000-4000-8000-000000000004	padding-top,padding-bottom	.chat-composer textarea	min-height:46px; padding:12px 14px; border-radius:17px; background:var(--surface-raised)
src/styles.css:6611		affects_computed_style	/chat/10000000-0000-4000-8000-000000000004	padding-top,padding-bottom	.chat-attach	width:46px; height:46px; display:grid; padding:0; border-radius:15px; background:var(--surface-raised); color:var(--fg)
src/styles.css:6613		affects_computed_style	/chat/10000000-0000-4000-8000-000000000004	padding-top,padding-bottom	.chat-send	width:46px; height:46px; display:grid; padding:0; border-radius:15px; background:var(--accent); color:var(--on-accent)
src/styles.css:6650		affects_computed_style	/me/trainers	padding-bottom	.trainer-professional-editor, .public-trainer-page, .trainer-catalog-page	padding-inline:16px
src/styles.css:6660		affects_computed_style	/chat,/chat/10000000-0000-4000-8000-000000000004	min-height	.chat-list-page, .chat-conversation-page	padding-inline:16px
src/styles.css:6759		affects_computed_style	/me	background-color,color	.quick-start-workout	display:grid; gap:12px; padding:18px; border-radius:20px; background:var(--mono-primary, #202024); color:var(--mono-on-primary, #faf9f6)
src/styles.css:6760		matched_in_runtime	/me		.quick-start-copy h2	margin:0 0 5px; color:inherit; font-size:19px; line-height:1.2
src/styles.css:6761	client-home-identity	matched_in_runtime	/me		.client-home-identity .quick-start-copy h2	color:inherit; font-size:19px
src/styles.css:6762		affects_computed_style	/me	font-size	.quick-start-copy p	margin:0; color:inherit; opacity:.75; font-size:14px; line-height:1.4
src/styles.css:6763		matched_in_runtime	/me		.quick-start-button	width:100%; min-height:50px; border:1px solid currentColor; border-radius:14px; background:var(--mono-on-primary, #faf9f6); color:var(--mono-primary, #202024); font-size:15px; font-weight:650
src/styles.css:6775	client-home-identity	affects_computed_style	/me	min-height,padding-top,padding-bottom,background-color,color	.client-home-identity .compose-workout-entry .voice-action, .trainer-today-identity .compose-workout-entry .voice-action	min-height:78px; padding:12px 14px; border:1px solid var(--border); border-radius:18px; background:var(--surface-raised); color:var(--fg)
src/styles.css:6777	client-home-identity	affects_computed_style	/me	color	.client-home-identity .compose-workout-entry .voice-action-copy h2, .trainer-today-identity .compose-workout-entry .voice-action-copy h2	color:var(--fg); font-size:16px
src/styles.css:6779	client-home-identity	affects_computed_style	/me	color	.client-home-identity .compose-workout-entry .voice-action-guidance, .trainer-today-identity .compose-workout-entry .voice-action-guidance	margin:0; color:var(--muted); opacity:1
src/styles.css:6781	client-home-identity	static_only			.client-home-identity .compose-workout-entry .voice-action-label, .trainer-today-identity .compose-workout-entry .voice-action-label	display:none
src/styles.css:6783	client-home-identity	affects_computed_style	/me	background-color,color	.client-home-identity .compose-workout-entry .voice-action-button, .client-home-identity .compose-workout-entry .today-voice-text-inline, .trainer-today-identity .compose-workout-entry .voice-action-button, .trainer-today-identity .compose-workout-entry .today-voice-text-inline	width:46px; height:46px; border:1px solid var(--border); background:var(--surface); color:var(--fg)
src/styles.css:6796		affects_computed_style	/workouts/10000000-0000-4000-8000-000000000003/live	padding-top,padding-bottom,border-top-left-radius,border-top-right-radius,background-color	.live-empty-start	display:grid; gap:16px; padding:16px; border-radius:18px; background:var(--surface-raised)
src/styles.css:6797		matched_in_runtime	/workouts/10000000-0000-4000-8000-000000000003/live		.live-empty-start h2, .live-empty-start p	margin:0
src/styles.css:6798		affects_computed_style	/workouts/10000000-0000-4000-8000-000000000003/live	font-weight	.live-empty-start h2	font-size:16px; font-weight:600
src/styles.css:6799		matched_in_runtime	/workouts/10000000-0000-4000-8000-000000000003/live		.live-empty-start .primary	min-height:48px; margin:0
src/styles.css:6801	live-identity	affects_computed_style	/workouts/10000000-0000-4000-8000-000000000003/live	min-height,font-size	.live-identity .live-pinned-empty .live-timer-toolbar .live-timer	min-height:48px; font-size:22px
src/styles.css:6803	live-identity	affects_computed_style	/workouts/10000000-0000-4000-8000-000000000003/live	padding-top	.live-identity .live-bottom-bar-empty	justify-items:end; padding:8px 16px calc(8px + env(safe-area-inset-bottom))
src/styles.css:6805		affects_computed_style	/workouts/10000000-0000-4000-8000-000000000003/live	padding-top,padding-bottom,background-color,color	.live-empty-delete	display:grid; width:48px; min-height:48px; padding:0; border:0; border-radius:14px; background:transparent; color:var(--danger)
src/styles.css:7037		affects_computed_style	/me/profile	padding-top,padding-bottom	.client-finance-home	display:grid; gap:10px; padding:14px 16px; border:1px solid var(--border); border-radius:18px; background:var(--surface-raised); box-shadow:none
src/styles.css:7041	client-home-identity,client-profile-shell-identity	affects_computed_style	/me/profile	color,font-size,font-weight	.client-home-identity .client-finance-home-heading .eyebrow, .client-profile-shell-identity .client-finance-home-heading .eyebrow	color:var(--muted); font-size:12px; font-weight:500; line-height:1.3; letter-spacing:.06em
src/styles.css:7043		matched_in_runtime	/me/profile		.client-finance-home-heading h2	font-size:16px; font-weight:600; line-height:1.25
src/styles.css:7044		affects_computed_style	/me/profile	min-height,color,font-size,font-weight,text-decoration-line	.client-finance-home-heading > a	min-height:44px; display:inline-flex; align-items:center; gap:4px; color:var(--fg); font-size:13px; font-weight:500; text-decoration:none
src/styles.css:7045		affects_computed_style	/me/profile	color	.client-finance-home-heading > a svg	width:18px; height:18px; color:var(--muted)
src/styles.css:7047		affects_computed_style	/me/profile	padding-top,color,font-size,font-weight	.client-finance-home-empty	margin:0; padding-top:10px; border-top:1px solid var(--border); color:var(--secondary-label-fg); font-size:13px; font-weight:500; line-height:1.4
src/styles.css:7055	client-finance-identity	matched_in_runtime	/me/finance		.client-finance-identity .content	padding-bottom:calc(82px + env(safe-area-inset-bottom)); background:var(--bg)
src/styles.css:7056	client-finance-identity	affects_computed_style	/me/finance	padding-top,padding-bottom	.client-finance-identity .client-finance-page	width:100%; margin:0 auto; padding:18px 20px calc(104px + env(safe-area-inset-bottom))
src/styles.css:7057	client-finance-identity	affects_computed_style	/me/finance	min-height	.client-finance-identity .client-finance-page > .page-header	display:grid; grid-template-columns:44px minmax(0,1fr) 44px; min-height:44px; align-items:center; gap:8px; margin-bottom:14px
src/styles.css:7058	client-finance-identity	affects_computed_style	/me/finance	border-top-left-radius,border-top-right-radius,background-color	.client-finance-identity .client-finance-page > .page-header .page-back	grid-column:1; grid-row:1; width:44px; height:44px; min-height:44px; padding:0; border:1px solid var(--border); border-radius:14px; background:var(--surface-raised); color:var(--fg); box-shadow:none
src/styles.css:7059	client-finance-identity	static_only			.client-finance-identity .client-finance-page > .page-header > :is(h1,.page-title-group)	grid-column:2; grid-row:1; margin:0; overflow:hidden; color:var(--fg); font-size:24px; font-weight:600; line-height:1.12; letter-spacing:-.018em
src/styles.css:7089	client-finance-identity	matched_in_runtime	/me/finance		.client-finance-identity .tab-bar	border-color:var(--border); background:var(--bar-bg); box-shadow:none
src/styles.css:7090	client-finance-identity	matched_in_runtime	/me/finance		.client-finance-identity .tab-bar a	color:var(--secondary-label-fg); background:transparent
src/styles.css:7091	client-finance-identity	matched_in_runtime	/me/finance		.client-finance-identity .tab-bar a.active	color:var(--fg); background:var(--surface-sunken)
src/styles.css:7094		affects_computed_style	/me/profile	padding-top,padding-bottom	.client-finance-home	padding-inline:14px
src/styles.css:7097	client-finance-identity	affects_computed_style	/me/finance	padding-top,padding-bottom	.client-finance-identity .client-finance-page	padding:10px 12px calc(104px + env(safe-area-inset-bottom))
src/styles.css:7098	client-finance-identity	affects_computed_style	/me/finance	min-height	.client-finance-identity .client-finance-page > .page-header	margin-bottom:10px
src/styles.css:7149		affects_computed_style	/me	padding-top,padding-bottom,background-color	.athlete-achievements-close	display:grid; width:44px; height:44px; min-height:44px; padding:0; border:0; border-radius:14px; background:transparent; color:#c6c6cb; box-shadow:none
src/styles.css:7151		matched_in_runtime	/me		.athlete-achievements-home-content	display:flex; align-items:center; gap:14px; margin-top:8px
src/styles.css:7153		affects_computed_style	/me	font-size	.athlete-achievements-home-content strong	color:#f8f8f6; font-size:17px
src/styles.css:7154		affects_computed_style	/me	font-size	.athlete-achievements-home-content p	margin:4px 0 9px; color:#b8b8bd; font-size:13px
src/styles.css:7159		affects_computed_style	/me,/me/progress,/me/achievements	color	.athlete-achievement-badge	position:relative; display:grid; width:92px; height:92px; border:1px solid #35353a; border-radius:25px; background:#232328; color:#f8f8f6; box-shadow:inset 0 1px 0 #ffffff12
src/styles.css:7160		matched_in_runtime	/me/progress		.athlete-achievement-badge.is-compact	width:64px; height:64px; border-radius:19px
src/styles.css:7183		matched_in_runtime	/me/progress		.athlete-achievements-preview-badges	display:flex; gap:10px; margin:13px 0 4px
src/styles.css:7184		affects_computed_style	/me/achievements	padding-bottom	.athlete-achievements-page	padding-bottom:calc(110px + env(safe-area-inset-bottom))
src/styles.css:7185		affects_computed_style	/me/achievements	color	.athlete-achievements-count	margin:0 0 20px; color:var(--muted)
src/styles.css:7186		matched_in_runtime	/me/achievements		.athlete-achievements-group	margin-bottom:20px
src/styles.css:7187		affects_computed_style	/me/achievements	font-size,font-weight	.athlete-achievements-group h2	margin:0 0 12px; font-size:18px; font-weight:600
src/styles.css:7188		affects_computed_style	/me/achievements	color,font-size	.athlete-achievements-group-note	margin:-4px 0 12px; color:var(--muted); font-size:13px; line-height:1.4
src/styles.css:7190		matched_in_runtime	/me/achievements		.athlete-achievement-card	display:flex; align-items:center; justify-content:flex-start; gap:4px; padding:4px 0; border:0; border-radius:14px; background:transparent; color:var(--fg); box-shadow:none
src/styles.css:7191		matched_in_runtime	/me/achievements		.athlete-achievement-card .athlete-achievement-badge	width:min(80px,100%); height:auto; border-radius:22px
src/styles.css:7199		matched_in_runtime	/me,/me/progress,/me/achievements		.athlete-achievement-static-art	position:absolute; display:block; width:125%; height:125%; background-image:url('./assets/achievement-art-sprite-20261002.webp?inline'); background-repeat:no-repeat; background-size:600% 600%
src/styles.css:7200		matched_in_runtime	/me/achievements		.athlete-achievement-static-art.is-expansion	background-image:url('./assets/achievement-art-expansion-20261002.webp'); background-size:800% 700%
src/styles.css:7206		affects_computed_style	/me/achievements	font-size,font-weight	.athlete-achievement-card-title	color:var(--fg); font-size:12px; font-weight:600; line-height:1.25; overflow-wrap:anywhere
